Sample ID,Percent missingness (%),Probability of membership  to cluster 1,Probabiltiy of membership to cluster 2,Probability of membership to cluster 3,Probability of membership to cluster 4,Assignment to cluster with highest probability of membership,Assignment to cluster for samples with over 80% membership to a cluster
PB_Y,29,0,0.953,0.035,0.012,2,2
NT_200078,3,0,0,1,0,3,3
NT_200102,27,0,0.958,0.002,0.04,2,2
NT_200150,19,0,0,1,0,3,3
2015_2016,0,0,0,1,0,3,3
NT_200079,13,0,0,1,0,3,3
NT_200119,25,0,0.368,0.049,0.583,4,NA
NT_200135,28,0,0.003,0.995,0.002,3,3
NT_200143,25,0,0.003,0.997,0,3,3
NT_200151,29,0,0.879,0.002,0.119,2,2
NT_200072_B,11,0,0,1,0,3,3
NT_200080,16,0,0.001,0.999,0,3,3
NT_200088,20,0,0.992,0,0.008,2,2
NT_200152,27,0,0,1,0,3,3
NT_200160,0,0,0,1,0,3,3
NT_200121,8,0,0,1,0,3,3
NT_200137,8,0,0,1,0,3,3
NT_200145,22,0,0,1,0,3,3
NT_200074,24,0,0.01,0.99,0,3,3
NT_200082,20,0,0,1,0,3,3
NT_200098,16,0,0.001,0.999,0,3,3
NT_200099,22,0,1,0,0,2,2
NT_200115,0,0,0,1,0,3,3
NT_200123,9,0,0,1,0,3,3
NT_200131,0,0,0,1,0,3,3
NT_200139,28,0,0.709,0.036,0.254,2,NA
NT_200163,15,0,1,0,0,2,2
NT_200116,1,0,0,1,0,3,3
NT_200124,24,0,0.002,0.998,0,3,3
NT_200132,16,0,0.011,0.989,0,3,3
NT_200174,23,0,1,0,0,2,2
NT_200182,4,0,0,1,0,3,3
NT_200198,21,0,0.391,0.575,0.034,3,NA
NT_200206,21,0,0.742,0.235,0.022,2,NA
NU_L41487,0,1,0,0,0,1,1
NU_L41497,0,1,0,0,0,1,1
NT_200167,0,0,0,1,0,3,3
NT_200215,13,0,0,1,0,3,3
NU_L41470,0,1,0,0,0,1,1
NU_L41498,0,1,0,0,0,1,1
NU_L41515,0,0.813,0.187,0,0,1,1
NT_200184,0,0,0,1,0,3,3
NT_200200,20,0,0.999,0.001,0,2,2
NT_200208,0,0,0.002,0.996,0.002,3,3
NT_200224,20,0,0.008,0.992,0,3,3
NU_L41471,0,1,0,0,0,1,1
NU_L41516,0,1,0,0,0,1,1
NT_200185,6,0,0,1,0,3,3
NT_200193,14,0,0.972,0.024,0.005,2,2
NT_200217,13,0,0.002,0.998,0,3,3
NU_L41491,11,0.391,0.609,0,0,2,NA
NU_L41500,0,1,0,0,0,1,1
NU_L41517,0,0,0.975,0,0.025,2,2
NT_200170,1,0,0,1,0,3,3
NT_200178,0,0,0,1,0,3,3
NT_200186,8,0,0.809,0.086,0.105,2,2
NT_200194,27,0,0.92,0.069,0.012,2,2
NT_200210,12,0,0.088,0.912,0,3,3
NT_200218,24,0,1,0,0,2,2
NU_L41493,0,0,1,0,0,2,2
NU_L41504,8,1,0,0,0,1,1
NT_200179,11,0,0.002,0.998,0,3,3
NT_200187,5,0,0.993,0.007,0,2,2
NT_200195,12,0,0,1,0,3,3
NT_200203,28,0,0.995,0.003,0.001,2,2
NT_200219,15,0,0,1,0,3,3
NU_L41061,27,0.02,0.979,0.001,0,2,2
NU_L41494,0,0,1,0,0,2,2
NU_L41505,0,1,0,0,0,1,1
NU_L41524,1,0,1,0,0,2,2
NT_200180,16,0,0.997,0.002,0,2,2
NT_200188,21,0,0.979,0.021,0,2,2
NT_200196,4,0,0,1,0,3,3
NT_200212,7,0,0,1,0,3,3
NT_200220,9,0,0.001,0.999,0,3,3
NU_L41453,0,1,0,0,0,1,1
NU_L41495,15,0.033,0.967,0,0,2,2
NU_L41511,0,1,0,0,0,1,1
NU_L41526,0,1,0,0,0,1,1
NT_200181,0,0,0,1,0,3,3
NT_200197,23,0,0.993,0.002,0.005,2,2
NT_200205,0,0,0.001,0.999,0,3,3
NT_200213,8,0,0,1,0,3,3
NU_L41486,0,1,0,0,0,1,1
NU_L41513,0,1,0,0,0,1,1
NU_L41530,0,1,0,0,0,1,1
NU_2_C2,10,0,0.991,0.003,0.006,2,2
NT_100737,0,0,0,1,0,3,3
NU_11_C2,20,0,0.002,0.998,0,3,3
NU_7_C3,9,0.001,0.009,0.99,0,3,3
NU_CH-016-1921_C3,4,0.998,0.002,0,0,1,1
NU_CH-024-1921_C3,7,0,0.994,0,0.006,2,2
NU_L41532,0,1,0,0,0,1,1
F-C2,22,0,0.999,0,0.001,2,2
NU_29_C2,10,0,0.998,0,0.001,2,2
G-C2,22,0,0.996,0,0.003,2,2
O_C2,21,0,0.973,0.022,0.005,2,2
NU_CH-018-1921_C3,26,0,0.963,0.01,0.028,2,2
NU_CH-026-1921_C3,9,0.001,0.988,0.011,0,2,2
NU_L41569,0,1,0,0,0,1,1
NU_22_C2,24,0,0.996,0.002,0.002,2,2
H_C2,22,0,0.999,0,0,2,2
NU_CH-019-1921_C3,3,1,0,0,0,1,1
NT_100749,0,0,0,1,0,3,3
NU_L41575,0,1,0,0,0,1,1
NU_23_C2,6,0,0.973,0.027,0,2,2
I_C2,7,0,0.054,0.94,0.006,3,3
NT_100750,0,0,0,1,0,3,3
sample_1_tagged,0,0.932,0.068,0,0,1,1
NU_8_C2,7,0,0.285,0.715,0,3,NA
NU_24_C2,3,0,0,0,1,4,4
NU_4_C3,3,1,0,0,0,1,1
NT_100751,0,0,0,1,0,3,3
NU_1_C2,11,0,0.001,0.999,0,3,3
NU_5_C3,12,0.997,0.003,0,0,1,1
NU_CH-014-1921_C3,12,0.11,0.607,0,0.283,2,NA
NT_100756,0,0,0.009,0.853,0.138,3,3
NT_100758,0,0,0,1,0,3,3
NT_100775,0,0,0,1,0,3,3
NU_CH-001-1819,3,1,0,0,0,1,1
61889,0,0,0,1,0,3,3
NT_100768,0,0,0,1,0,3,3
59107,28,0,0.958,0.041,0,2,2
59209,20,0,0.999,0,0,2,2
61890,29,0,0.998,0.001,0,2,2
CJB001,11,0,0.819,0.181,0,2,2
NT_100760,0,0,0,1,0,3,3
NT_100785,0,0,0,1,0,3,3
NU_CH-003-1819,0,1,0,0,0,1,1
59108,16,0,0.084,0.916,0,3,3
61883,4,0,0,1,0,3,3
59107_TEST,15,0,0.992,0.008,0,2,2
NT_100761,0,0,0,1,0,3,3
NT_100778,0,0,0,1,0,3,3
NU_CH-004-1819,16,0.004,0.994,0.001,0.002,2,2
59203,0,0,0,1,0,3,3
59211,6,0,0,1,0,3,3
NT_200067,28,0,0.937,0.035,0.028,2,2
NT_100762,0,0,0,1,0,3,3
NT_100779,0,0,0,1,0,3,3
59102,19,0,0.167,0.833,0,3,3
59110,0,0,1,0,0,2,2
59212,0,0,0.082,0.894,0.024,3,3
61885,0,0,0.996,0.004,0,2,2
61893,0,0,0.013,0.987,0,3,3
NT_200069,23,0,0,1,0,3,3
NT_100763,0,0,0,1,0,3,3
NT_100772,0,0,0,1,0,3,3
NT_100780,0,0,0,1,0,3,3
NT_100788,0,0,0,1,0,3,3
59213,0,0,0.008,0.992,0,3,3
61886,0,0,0.001,0.999,0,3,3
61894,0,0,0.157,0.843,0,3,3
NT_100773,0,0,0.652,0.203,0.144,2,NA
NT_100781,0,0,0,1,0,3,3
NU_CH-007-1920,0,1,0,0,0,1,1
59206,0,0,0.266,0.734,0,3,NA
61887,0,0,0.101,0.899,0,3,3
61895,0,0,0.001,0.999,0,3,3
NT_200071,1,0,0,1,0,3,3
NT_100774,0,0,0.023,0.977,0,3,3
NT_100782,0,0,0,1,0,3,3
NT_100793,0,0,0,1,0,3,3
NU_CH-008-1920,0,1,0,0,0,1,1
59105,0,0,0.003,0.997,0,3,3
61888,9,0,0.835,0.165,0,2,2
NT_3000001,27,0,0.728,0.132,0.14,2,NA
27_3,0,0,1,0,0,2,2
27_12,25,0,0,1,0,3,3
27_#15_50uL,19,0,0,1,0,3,3
27_20,21,0,0.993,0,0.007,2,2
27_29,26,0,0.999,0.001,0.001,2,2
27_21,0,0,0.156,0.833,0.011,3,3
27_30,0,0,1,0,0,2,2
NU_A003,7,0,1,0,0,2,2
27_6,10,0,0.007,0.993,0,3,3
27_31,4,0,1,0,0,2,2
NU_A004,23,0.001,0.998,0,0.001,2,2
27_7,0,0.001,0.909,0.09,0,2,2
27_24B,0,0,0.997,0,0.003,2,2
NU_A005,9,0,1,0,0,2,2
27_25,1,0,1,0,0,2,2
27_17,28,0,0.986,0,0.014,2,2
27_34,0,0,1,0,0,2,2
27_11,0,0,1,0,0,2,2
27_27,29,0,0.998,0.001,0.001,2,2
PB7_FP_1,22,0,0.989,0,0.011,2,2
PB1_FP_5,26,0,0.995,0,0.004,2,2
MC-47-2016,0,0,0,0,1,4,4
MC-53-2016,0,0,0,0,1,4,4
MC-60-2016,0,0,0.001,0,0.999,4,4
MC-97-2016,0,0,0,0,1,4,4
MC-90-2016,0,0,0.999,0,0.001,2,2
MC-70-2016,0,0,0,0,1,4,4
MC-72-2016,0,0,1,0,0,2,2
MC-28-2016,0,0,1,0,0,2,2
GB-2016-4,0,0,0.806,0,0.194,2,2
MC-43-2016,0,0,0,0,1,4,4
MC-65-2016,2,0,0,1,0,3,3
MC-81-2016,0,0,0,0,1,4,4
MC-98-2016,0,0,0,0,1,4,4
MC-92-2016,0,0,1,0,0,2,2
MC-88-2016,0,0,0,0,1,4,4
MC-94-2016,0,0,0,0,1,4,4
MC-33-2016,0,0,0.002,0,0.998,4,4
GB-2016-5,0,0,0.997,0,0.003,2,2
MC-44-2016,0,0,0,0,1,4,4
MC-52-2016,0,0,0.092,0,0.908,4,4
MC-82-2016,0,0,0,0,1,4,4
MC-79-2016,0,0,0,0,1,4,4
MC-95-2016,0,0,0,0,1,4,4
MC-300-2016,0,0,0,0,1,4,4
MC-26-2016,0,0,1,0,0,2,2
MC-30-2016,0,0,0.606,0,0.394,2,NA
MC-34-2016,0,0,0.991,0,0.009,2,2
GB-2016-6,0,0,1,0,0,2,2
MC-46-2016,26,0,0.936,0.001,0.063,2,2
MC-58-2016,0,0,0,0,1,4,4
MC-83-2016,0,0,0.954,0.001,0.045,2,2
MC-120-2016,0,0,0,0,1,4,4
MC-73-2016,0,0,0,0,1,4,4
MC-108-2016,0,0,0,0,1,4,4
MC-107-2016,1,0,0,0,1,4,4
MC-27-2016,0,0,0.923,0,0.077,2,2
MC-71-2016,0,0,1,0,0,2,2
MC-96-2016,0,0,0.989,0.001,0.011,2,2
GB-2016-7,0,0,1,0,0,2,2
MC-50-2016,0,0,0,0,1,4,4
MC-57-2016,0,0,1,0,0,2,2
MC-66-2016,0,0,0,0,1,4,4
MC-68-2016,0,0,0.496,0,0.504,4,NA
MC-89-2016,14,0,0,0,1,4,4
MC-19-2016,0,0,0,0,1,4,4
GB-2016-8,18,0,0.926,0.004,0.07,2,2
MC-74-2016,0,0,0,0,1,4,4
MC-54-2016,0,0,0,0,1,4,4
MC-100-2016,0,0,0,0,1,4,4
MC-91-2016,0,0,0,0,1,4,4
MC-69-2016,29,0,0.06,0,0.94,4,4
MC-20-2016,0,0,0,0,1,4,4
MC-36-2016,0,0,0.999,0,0.001,2,2
GB-2016-9,0,0,1,0,0,2,2
MC-49-2016,0,0,0,0,1,4,4
MC-63-2015,0,0,0.001,0,0.999,4,4
MC-77-2016,0,0,0,0,1,4,4
MC-59-2016,0,0,0,0,1,4,4
MC-93-2016,0,0,0,0,1,4,4
MC-115-2016,0,0,0,0,1,4,4
MC-117-2016,11,0,0,0,1,4,4
MC-37-2016,0,0,0.842,0,0.158,2,2
GB-2016-2,0,0,1,0,0,2,2
GB-2016-10,0,0,1,0,0,2,2
MC-48-2016,0,0,0,0,1,4,4
MC-76-2016,0,0,0.003,0,0.997,4,4
MC-67-2016,0,0,0,0,1,4,4
MC-99-2016,0,0,0,0,1,4,4
MC-116-2016,0,0,0.999,0,0,2,2
MC-119-2016,0,0,0.001,0,0.999,4,4
MC-112-2016,15,0,0,0,1,4,4
MC-32-2016,0,0,1,0,0,2,2
MC-23-2016,0,0,0.998,0,0.002,2,2
GB-2016-3,0,0,1,0,0,2,2
GB-2016-11,0,0,1,0,0,2,2
MC-2014-72,16,0,0.999,0,0.001,2,2
MC-2014-07,0,0,0.001,0,0.999,4,4
MC-2014-104,0,0,0,0,1,4,4
MC-2014-111,0,0,0,0,1,4,4
MC-2014-133,0,0,0.605,0.395,0,2,NA
MC-2014-142,0,0,0,0,1,4,4
MC-2014-166,0,0,0,0,1,4,4
MC-2014-23,0,0,0,0,1,4,4
MC-2014-31,0,0,0,0,1,4,4
MC-2014-168,18,0,0.272,0,0.728,4,NA
MC-2014-08,0,0,0.004,0,0.996,4,4
MC-2014-105,0,0,0,0,1,4,4
MC-2014-112,0,0,0,0,1,4,4
MC-2014-127,0,0,0.943,0,0.057,2,2
MC-2014-134,0,0,0.002,0,0.998,4,4
MC-2014-167,0,0,0.937,0,0.063,2,2
MC-2014-24,0,0,0.001,0,0.999,4,4
MC-2014-33,0,0,0,0,1,4,4
MC-2014-169,24,0,0.991,0.009,0,2,2
MC-2014-01,0,0,0,0,1,4,4
MC-2014-117,0,0,1,0,0,2,2
MC-2014-135,0,0,0.988,0,0.012,2,2
MC-2014-17,0,0,0,0,1,4,4
MC-2014-25,0,0,0,0,1,4,4
MC-2014-34,0,0,0,0,1,4,4
MC-2014-02,0,0,0,0,1,4,4
MC-2014-107,0,0,0,0,1,4,4
MC-2014-15,0,0,0,0,1,4,4
MC-2014-18,0,0,0.821,0,0.179,2,2
MC-2014-26,0,0,0,0,1,4,4
MC-2014-36_B,0,0,1,0,0,2,2
MC-2014-52,15,0,0.988,0.007,0.005,2,2
MC-2014-03,0,0,0.283,0,0.717,4,NA
MC-2014-100,0,0,0,0,1,4,4
MC-2014-12,0,0,0,0,1,4,4
MC-2014-137,0,0,0.994,0,0.006,2,2
MC-2014-16,0,0,0.009,0,0.991,4,4
MC-2014-19,0,0,0,0,1,4,4
MC-2014-27,0,0,0,0,1,4,4
MC-2014-37,0,0,0,0,1,4,4
MC-2014-101,0,0,1,0,0,2,2
MC-2014-109,0,0,0,0,1,4,4
MC-2014-123,0,0,1,0,0,2,2
MC-2014-130,0,0,1,0,0,2,2
MC-2014-20,0,0,0,0,1,4,4
MC-2014-28,0,0,0,0,1,4,4
MC-2014-38,0,0,0.695,0,0.305,2,NA
MC-2014-05,0,0,0,0,1,4,4
MC-2014-102,0,0,0.999,0,0.001,2,2
MC-2014-113_B,0,0,0,0,1,4,4
MC-2014-124,0,0,0,0,1,4,4
MC-2014-131,0,0,0.997,0,0.003,2,2
MC-2014-14,0,0,0,0,1,4,4
MC-2014-164,0,0,0,0,1,4,4
MC-2014-21,0,0,0,0,1,4,4
MC-2014-29,0,0,0,0,1,4,4
MC-2014-39,0,0,0,0,1,4,4
MC-2014-06,0,0,0,0,1,4,4
MC-2014-103,0,0,0,0,1,4,4
MC-2014-110,0,0,0,0,1,4,4
MC-2014-132,0,0,1,0,0,2,2
MC-2014-140,0,0,0,0,1,4,4
MC-2014-165,0,0,0,0,1,4,4
MC-2014-30,0,0,0,0,1,4,4
GB-2017-196,0,0,1,0,0,2,2
GB-2017-201,0,0,0.871,0,0.129,2,2
GB-2017-211,0,0,1,0,0,2,2
GB-2017-34,0,0,0.986,0.014,0,2,2
GB-2017-44,0,0,1,0,0,2,2
L23597,0,0,1,0,0,2,2
L25121,0,0,0.996,0.004,0,2,2
L23592,0,0,1,0,0,2,2
L25053,0,0,1,0,0,2,2
L24149,0,0,0,0,1,4,4
GB-2017-228,0,0,1,0,0,2,2
GB-2017-234,0,0,0,0,1,4,4
GB-2017-208,15,0,0.999,0,0,2,2
GB-2017-41,0,0,1,0,0,2,2
L25144,0,1,0,0,0,1,1
L25152,0,0,0.114,0,0.886,4,4
GB-2017-214,25,0,0.958,0,0.042,2,2
L23610,0,0,1,0,0,2,2
L25151,0,0,0.504,0,0.496,2,NA
L19508,0,0,0,0,1,4,4
GB-2017-230,0,0,0.919,0.001,0.08,2,2
GB-2017-231,0,0,1,0,0,2,2
GB-2017-213,0,0,1,0,0,2,2
GB-2017-187,0,0,1,0,0,2,2
GB-2017-7,0,0,1,0,0,2,2
GB-2017-42,0,0.004,0.996,0,0,2,2
L23622,0,0,1,0,0,2,2
L20484,0,0,0.987,0,0.013,2,2
L25048,0,0,0.436,0,0.564,4,NA
L24197,0,0,1,0,0,2,2
GB-2017-195,0,0,1,0,0,2,2
GB-2017-203,0,0,1,0,0,2,2
GB-2017-188,1,0,1,0,0,2,2
GB-2017-10,0,0,1,0,0,2,2
GB-2017-2,0,0,1,0,0,2,2
L23521,13,0,1,0,0,2,2
GB-2017-232,11,0,0.971,0,0.029,2,2
L25115,0,1,0,0,0,1,1
L24097,0,0,1,0,0,2,2
L21892,0,0,0.998,0,0.002,2,2
GB-2017-194,0,0,1,0,0,2,2
GB-2017-200,0,0,0.021,0.005,0.974,4,4
GB-2017-240,0,0,1,0,0,2,2
GB-2017-192,0,0.029,0.116,0.852,0.004,3,3
GB-2017-9,0,0,1,0,0,2,2
GB-2017-1,0,0,1,0,0,2,2
L25019,0,0,1,0,0,2,2
L25127,0,0.025,0.96,0,0.014,2,2
GB-2017-216,24,0,0.972,0,0.028,2,2
L25148,0,0,0.999,0,0.001,2,2
L25135,0,0.007,0.993,0,0,2,2
L23651,0,0,0,0,1,4,4
GB-2017-239,0,0,1,0,0,2,2
GB-2017-191,0,0,0.612,0.388,0,2,NA
GB-2017-193,0,0,1,0,0,2,2
GB-2017-57,0,0,0.999,0.001,0,2,2
GB-2017-46,0,0,1,0,0,2,2
L25051,0,0,1,0,0,2,2
L24139,0,0,1,0,0,2,2
L23602,0,1,0,0,0,1,1
L25132,0,0,0.994,0,0.006,2,2
L21890,0,0,0.166,0.305,0.528,4,NA
GB-2017-235,0,0,1,0,0,2,2
GB-2017-197,0,0,1,0,0,2,2
GB-2017-33,0,0,1,0,0,2,2
GB-2017-43,0,0,1,0,0,2,2
L20544,0,0,1,0,0,2,2
L25142,0,1,0,0,0,1,1
L25020,0,0,1,0,0,2,2
L20530,0,0,0.998,0.001,0.002,2,2
L25036,0,0,1,0,0,2,2
GB-2017-207,0,0,1,0,0,2,2
GB-2017-199,0,0,0.859,0,0.141,2,2
GB-2017-47,0,0,1,0,0,2,2
GB-2017-45,0,0,1,0,0,2,2
L25156,0,0,1,0,0,2,2
L25007,0,0,1,0,0,2,2
L23620,0,0,1,0,0,2,2
L25114,3,0,1,0,0,2,2
L25133,0,0,0.993,0,0.007,2,2
L25183,2,0,0,0,1,4,4
GB-2016-143,0,0,1,0,0,2,2
GB-2016-151,0,0,1,0,0,2,2
GB-2017-21,0,1,0,0,0,1,1
GB-2017-20,0,0,1,0,0,2,2
GB-2017-40,0,0.017,0.983,0,0,2,2
GB-2017-64,0,0,1,0,0,2,2
GB-2017-72,0,0,1,0,0,2,2
GB-2017-65,0,0,1,0,0,2,2
GB-2017-50,0,1,0,0,0,1,1
GB-2017-29,2,0,1,0,0,2,2
GB-2017-218,0,0,1,0,0,2,2
GB-2017-222,0,0,1,0,0,2,2
GB-2016-144,0,0,0.998,0,0.002,2,2
GB-2016-152,0,0,1,0,0,2,2
GB-2017-22,1,0.999,0.001,0,0,1,1
GB-2017-17,0,0,1,0,0,2,2
GB-2017-39,0,0,1,0,0,2,2
GB-2017-62,0,0,1,0,0,2,2
GB-2017-73,0,0,0.999,0,0.001,2,2
GB-2017-48,0,0.97,0.03,0,0,1,1
GB-2017-225,1,0,1,0,0,2,2
GB-2016-145,0,0,1,0,0,2,2
GB-2016-154,1,0,1,0,0,2,2
GB-2017-16,0,0,1,0,0,2,2
GB-2017-11,0,0,1,0,0,2,2
GB-2017-36,0,0,1,0,0,2,2
GB-2017-60,0,0,1,0,0,2,2
MC-2017-237,1,0,1,0,0,2,2
GB-2017-49,0,1,0,0,0,1,1
GB-2017-30,0,0,1,0,0,2,2
GB-2017-151,1,0,0.999,0,0.001,2,2
GB-2017-223,2,0,0.975,0,0.025,2,2
GB-2016-146,0,0,1,0,0,2,2
GB-2016-153,0,0,1,0,0,2,2
GB-2017-4,0,0,1,0,0,2,2
GB-2017-18,0,0,1,0,0,2,2
GB-2017-38,0,0,1,0,0,2,2
GB-2017-75,0,0,1,0,0,2,2
MC-2017-233,0,0,1,0,0,2,2
GB-2017-54,0,0,1,0,0,2,2
GB-2017-32,0,0,0.174,0,0.826,4,4
GB-2017-227,0,0,1,0,0,2,2
GB-2017-205,0,0,1,0,0,2,2
GB-2016-147,0,0,1,0,0,2,2
GB-2017-5,26,0,0.99,0,0.01,2,2
GB-2017-12,0,0,1,0,0,2,2
GB-2017-19,0,0,1,0,0,2,2
GB-2017-6,29,0,1,0,0,2,2
GB-2017-13,0,0,0.99,0,0.01,2,2
GB-2017-59,0,0.993,0.007,0,0,1,1
GB-2017-61,0,0,1,0,0,2,2
GB-2017-67,8,0,1,0,0,2,2
GB-2017-53,0,0,1,0,0,2,2
GB-2017-56,0,0,1,0,0,2,2
GB-2017-215,0,0,1,0,0,2,2
GB-2017-210,0,0,1,0,0,2,2
GB-2016-149,0,0.001,0.999,0,0,2,2
GB-2017-3,0,0,1,0,0,2,2
GB-2017-8,1,0,1,0,0,2,2
GB-2017-69,0,0,1,0,0,2,2
GB-2017-52,0,0,1,0,0,2,2
GB-2017-68,0,0,1,0,0,2,2
GB-2017-24,16,0.097,0.9,0,0.003,2,2
GB-2017-27,1,0.018,0.982,0,0,2,2
GB-2017-51,0,0,1,0,0,2,2
GB-2017-226,9,0,1,0,0,2,2
GB-2017-204,0,0,1,0,0,2,2
GB-2016-150,2,0,1,0,0,2,2
GB-2017-15,0,0,1,0,0,2,2
GB-2017-14,0,0,1,0,0,2,2
GB-2017-74,0,0,1,0,0,2,2
GB-2017-71,0,0,1,0,0,2,2
GB-2017-70,0,0,1,0,0,2,2
GB-2017-23,0,0,1,0,0,2,2
GB-2017-26,0,0,1,0,0,2,2
GB-2017-55,0,0,1,0,0,2,2
GB-2017-241,4,0,1,0,0,2,2
GB-2017-202,8,0,1,0,0,2,2
GB-2015-100,0,0,1,0,0,2,2
GB-2015-108,3,0,1,0,0,2,2
GB-2015-116,1,0,1,0,0,2,2
GB-2015-125,0,1,0,0,0,1,1
GB-2015-149,0,0,0.999,0,0.001,2,2
GB-2015-157,1,1,0,0,0,1,1
GB-2015-101,1,0.019,0.979,0,0.001,2,2
GB-2015-109,0,0,1,0,0,2,2
GB-2015-117,5,0,1,0,0,2,2
GB-2015-142,2,0,1,0,0,2,2
GB-2015-150,0,0,0.999,0,0.001,2,2
GB-2015-158,1,1,0,0,0,1,1
GB-2015-102,2,0,0.998,0,0.002,2,2
GB-2015-127,7,0,0.999,0.001,0,2,2
GB-2015-135,2,0,1,0,0,2,2
GB-2015-143,3,0.048,0.952,0,0,2,2
GB-2015-151,1,0,0.991,0,0.009,2,2
GB-2015-159,15,0,0.999,0,0.001,2,2
GB-2015-103,0,0.001,0.999,0,0,2,2
GB-2015-111,0,0,1,0,0,2,2
GB-2015-120,1,0.247,0.753,0,0,2,NA
GB-2015-128,0,0,1,0,0,2,2
GB-2015-144,1,0.006,0.994,0,0,2,2
GB-2015-152,0,0.006,0.994,0,0,2,2
GB-2015-104,0,0,1,0,0,2,2
GB-2015-112,0,0,0.999,0,0.001,2,2
GB-2015-129,1,0,1,0,0,2,2
GB-2015-145,0,0,1,0,0,2,2
GB-2015-161,0,0,1,0,0,2,2
GB-2015-122,1,0,1,0,0,2,2
GB-2015-138,1,0,1,0,0,2,2
GB-2015-154,1,0,0.971,0.025,0.004,2,2
GB-2015-106,4,0,1,0,0,2,2
GB-2015-114,1,0,1,0,0,2,2
GB-2015-123,1,0.997,0.003,0,0,1,1
GB-2015-131,0,0,1,0,0,2,2
GB-2015-139,3,0,1,0,0,2,2
GB-2015-147,0,0,1,0,0,2,2
GB-2015-155,0,0,1,0,0,2,2
GB-2015-107,2,0,1,0,0,2,2
GB-2015-115,0,0,1,0,0,2,2
GB-2015-124,1,0,1,0,0,2,2
GB-2015-156,0,0.269,0.731,0,0,2,NA
NU_L40135,0,0,1,0,0,2,2
NU_L39596,0,0,0.953,0,0.047,2,2
NU_L27896,21,0,1,0,0,2,2
NU_L27807,0,0.994,0.006,0,0,1,1
NU_L28023,0,0,1,0,0,2,2
NU_X30270,0,0,0.966,0,0.034,2,2
NU_L28024,0,0,0,0,1,4,4
NU_L28081,0,0,1,0,0,2,2
NU_L39539,0,0,0.999,0,0.001,2,2
NT_100308,0,0,0,1,0,3,3
NU_X30773,0,0,0.994,0.001,0.005,2,2
NU_L40136,0,0,0.999,0,0.001,2,2
NU_L39597,0,0,0.001,0,0.999,4,4
NU_L27897,8,0,1,0,0,2,2
NU_L27875,10,1,0,0,0,1,1
NU_L28078,0,0,0,0,1,4,4
NU_X30271,0,0,0.993,0,0.007,2,2
NU_L28136,0,1,0,0,0,1,1
NU_L27850,0,0,0.999,0.001,0,2,2
NU_X30752,0,0,1,0,0,2,2
NT_100293,0,0,0,1,0,3,3
NT_100307,6,0,0,1,0,3,3
NU_X30549,2,0,0,0,1,4,4
NU_L40137,0,0,0.34,0,0.66,4,NA
NU_L39599,0,0,0.999,0.001,0,2,2
NU_L27898,28,0,0.999,0,0.001,2,2
NU_L27876,0,1,0,0,0,1,1
NU_L28041,0,0,0.996,0,0.004,2,2
NU_L27852,0,0,0.982,0.018,0,2,2
NU_L39545,0,0,1,0,0,2,2
NT_100294,0,0,0,1,0,3,3
NU_X30662,0,0,1,0,0,2,2
NU_X30796,0,0,0,0,1,4,4
NU_L40138,0,0,0.642,0.003,0.355,2,NA
NU_L39601,0,0,0.097,0,0.903,4,4
NU_L27899,0,0,0.486,0.514,0,3,NA
NU_L27879,0,1,0,0,0,1,1
NU_L28124,0,0,0.992,0,0.008,2,2
NU_X30407,0,0,0,0,1,4,4
NU_L28042,15,0,1,0,0,2,2
NU_L28125,0,0,1,0,0,2,2
NU_L39547,0,0,1,0,0,2,2
NT_100296,0,0,0,1,0,3,3
NU_X30664,0,0,1,0,0,2,2
NU_X30540,0,0,1,0,0,2,2
NU_L40139,0,0,1,0,0,2,2
NU_L28002,0,0,1,0,0,2,2
NU_L27900,16,0,1,0,0,2,2
NU_L24016,0,0,0.986,0,0.014,2,2
NT_100327,0,0,0,1,0,3,3
NU_L28060,0,0,1,0,0,2,2
NU_L27996,0,1,0,0,0,1,1
NU_L39549,0,0,0.989,0,0.011,2,2
NT_100297,2,0,0,1,0,3,3
NU_X30800,0,0,0.256,0,0.744,4,NA
NU_X30658,0,0.009,0.991,0,0,2,2
NU_L40140,0,0,1,0,0,2,2
NU_L28009,0,0,0.99,0.01,0,2,2
NU_L28031,0,0,0.946,0.054,0,2,2
NU_L27995,0,1,0,0,0,1,1
NU_X13481,0,0,1,0,0,2,2
NT_100328,0,0,0,1,0,3,3
NU_L28061,9,0.002,0.998,0,0,2,2
NU_L39527,0,0,1,0,0,2,2
NU_L39553,0,0,1,0,0,2,2
NU_L24679,0,0,1,0,0,2,2
NU_X30432,0,0,0,0,1,4,4
NU_X30781,0,0,1,0,0,2,2
NU_L39593,0,0,0.712,0,0.288,2,NA
NU_L27893,21,0,0.997,0.002,0,2,2
NU_L27997,0,0.973,0.027,0,0,1,1
NU_L28089,0,1,0,0,0,1,1
NU_X30241,0,0,1,0,0,2,2
NT_100329,0,0,0,1,0,3,3
NU_L28073,0,0,0.967,0.023,0.01,2,2
NU_L39528,0,0,1,0,0,2,2
NU_X30438,0,0,0,0,1,4,4
NU_X30759,0,0,1,0,0,2,2
NU_L39594,0,0,0.947,0.001,0.052,2,2
NU_L28096,0,1,0,0,0,1,1
NU_L28135,0,1,0,0,0,1,1
NU_X30269,0,0,0.99,0,0.01,2,2
NT_100334,0,0,0,1,0,3,3
NU_L27848,0,0,1,0,0,2,2
NU_L27992,0,1,0,0,0,1,1
NT_100303,0,0,0,1,0,3,3
NU_X30441,0,0,0,0,1,4,4
NU_X30771,0,0,0,0,1,4,4
NU_L27839,0,0,1,0,0,2,2
NU_L27855,0,0,0.971,0,0.029,2,2
NU_L28000,0,1,0,0,0,1,1
NU_X30443,0,0,0,0,1,4,4
NU_L28094,0,0,0.998,0,0.002,2,2
NT_100786_B,0,0,0,1,0,3,3
NT_100784_B,0,0,0,1,0,3,3
NT_100776_B,0,0,0,1,0,3,3
NU_L28548,0,0,1,0,0,2,2
NU_L27842,0,0.025,0.975,0,0,2,2
NU_L27979,0,1,0,0,0,1,1
NU_X30749,0,0,1,0,0,2,2
NU_X30775,0,0,0.993,0,0.007,2,2
NU_L39536,0,0,1,0,0,2,2
NT_100777_B,0,0,0,1,0,3,3
NT_100766_B,0,0,0,1,0,3,3
NU_L28593,0,0,1,0,0,2,2
NU_L28543,0,0,1,0,0,2,2
NU_L27843,0,0,1,0,0,2,2
NU_L27985,0,1,0,0,0,1,1
NU_X30795,0,0,0.947,0,0.053,2,2
NT_100299,0,0,0,1,0,3,3
NU_L28086,0,0,1,0,0,2,2
NT_100789_B,0,0,0,1,0,3,3
NU_L28555,0,0,1,0,0,2,2
NU_L28549,0,0,1,0,0,2,2
NU_L27844,0,0,1,0,0,2,2
NU_L27990,0,1,0,0,0,1,1
NT_100322,2,0,0.062,0,0.938,4,4
NU_X30774,0,0.009,0.171,0,0.819,4,4
NU_X30802,0,0,1,0,0,2,2
NT_100748_B,0,0,0,1,0,3,3
NT_100764_B,0,0,0,1,0,3,3
NT_100759_B,0,0,0,1,0,3,3
NT_100765_B,0,0,0.012,0.988,0,3,3
NU_L28588,0,0,0.001,0,0.999,4,4
NU_L28560,0,0,1,0,0,2,2
NU_L27846,0,0,1,0,0,2,2
NU_L27991,0,1,0,0,0,1,1
NU_X30794,29,0,0.968,0.031,0.001,2,2
NT_100305,0,0,0,1,0,3,3
NU_L28112,0,0,1,0,0,2,2
NT_100771_B,0,0,0,1,0,3,3
NU_L28556,0,0,1,0,0,2,2
NU_L28599,0,0,1,0,0,2,2
NU_L27847,0,0,1,0,0,2,2
NU_L27993,0,1,0,0,0,1,1
NT_100325,0,0,0,1,0,3,3
NU_L34525,0,0,1,0,0,2,2
NU_L28080,0,0,1,0,0,2,2
NU_L41473_B,0,1,0,0,0,1,1
NT_100741_B,0,0,0,1,0,3,3
NT_100787_B,0,0,0,1,0,3,3
NU_L28544,0,0,1,0,0,2,2
NU_L28567,0,0,1,0,0,2,2
NU_L27853,0,0,1,0,0,2,2
NU_L27994,6,0.967,0.021,0,0.012,1,1
NU_X30442,0,0,0,0,1,4,4
NT_100298,0,0,0,1,0,3,3
NU_L39543,0,0,1,0,0,2,2
NT_100783_B,0,0,0,1,0,3,3
NT_100770_B,0,0,0,1,0,3,3
NU_L28566,0,0,0.999,0.001,0,2,2
NU_L28585,0,0,0.001,0,0.999,4,4
NU_L27854,0,0,1,0,0,2,2
NU_L27998,0,1,0,0,0,1,1
NU_X30681,0,0,1,0,0,2,2
NU_L28084,0,0,1,0,0,2,2
NU_L28540,0,0,0.947,0,0.053,2,2
NT_100769_B,0,0,0,1,0,3,3
NU_L28600,0,0,0.77,0.227,0.003,2,NA
NU_L28564,0,0,0.986,0.014,0,2,2
NU_L28569,0,0,1,0,0,2,2
NU_L23201,0,0,1,0,0,2,2
NU_L23823,0,0.101,0.899,0,0,2,2
NU_L23735,0,0,0,1,0,3,3
NU_X30014,0,0,1,0,0,2,2
NU_L40160,0,0,0,0,1,4,4
NU_L23308,0,0,1,0,0,2,2
NU_L23406,10,0.008,0.962,0,0.029,2,2
NU_L23320,0,0,1,0,0,2,2
NU_L24299,0,0,1,0,0,2,2
NU_L24595,0,0,0.971,0.005,0.024,2,2
NU_L28587,0,0,0.898,0,0.102,2,2
NU_X15587,0,0,0.162,0,0.838,4,4
NU_L23254,0,1,0,0,0,1,1
NU_L23718,0,0,1,0,0,2,2
NU_X15598,0,0,1,0,0,2,2
NU_L23821,0,0,1,0,0,2,2
NU_L39916,0,0,1,0,0,2,2
NU_X13999,0,0,1,0,0,2,2
NU_X30161,5,0,1,0,0,2,2
NU_L23303,0,0,0.044,0,0.956,4,4
NU_L24387,0,0,0,0,1,4,4
NU_L28545,0,0,0.996,0,0.004,2,2
NU_X15585,0,0,0.974,0.008,0.018,2,2
NU_L23271,0,0,0.999,0,0.001,2,2
NU_L23292,0,0,0,0,1,4,4
NU_X30019,0,0,1,0,0,2,2
NU_L23822,3,0,1,0,0,2,2
NU_L39903,0,1,0,0,0,1,1
NU_X15566,0,0,1,0,0,2,2
NU_L23325,2,1,0,0,0,1,1
NU_L24390,2,0,1,0,0,2,2
NU_L28584,0,0,0.983,0,0.017,2,2
NU_X30196,0,0,0,0,1,4,4
NU_L23261,27,0,0.999,0,0,2,2
NU_L23721,0,0,1,0,0,2,2
NU_X30012,5,0,1,0,0,2,2
NU_L39900,0,1,0,0,0,1,1
NU_L39904,0,0,1,0,0,2,2
NU_X15104,0,0,1,0,0,2,2
NU_L23407,0,1,0,0,0,1,1
NU_L23327,1,1,0,0,0,1,1
NU_L24393,0,0,0.993,0.007,0,2,2
NU_L28577,0,0,1,0,0,2,2
NU_L23722,0,0,1,0,0,2,2
NU_L23287,0,0,1,0,0,2,2
NU_X15022,0,0,0.892,0,0.108,2,2
NU_L24382,9,0.008,0.992,0,0,2,2
NU_L39925,0,0,1,0,0,2,2
NU_L40052,0,0.098,0.902,0,0,2,2
NU_X15102,1,0,1,0,0,2,2
NU_X30009,0,0,1,0,0,2,2
NU_L23226,0,0,1,0,0,2,2
NU_L24395,0,0,1,0,0,2,2
NU_L24705,0,0,0.997,0,0.003,2,2
NU_L28580,0,0,0.973,0,0.027,2,2
NU_L23231,0,0,0,1,0,3,3
NU_X30174,0,0,1,0,0,2,2
NU_L23198,0,0,1,0,0,2,2
NU_L24384,0,1,0,0,0,1,1
NU_L40158,0,0,0.703,0,0.297,2,NA
NU_L23328,0,1,0,0,0,1,1
NU_X15139,0,0,1,0,0,2,2
NU_X15599,0,0,1,0,0,2,2
NU_L23227,0,0,1,0,0,2,2
NU_L24511,0,0,1,0,0,2,2
NU_L24708,0,0,0.026,0,0.974,4,4
NU_L28557,0,0,1,0,0,2,2
NU_L23144,0,0,0.082,0,0.918,4,4
NU_L23186,0,1,0,0,0,1,1
NU_X30198,0,0,0,0,1,4,4
NU_L23316,0,1,0,0,0,1,1
NU_L39908,0,0,1,0,0,2,2
NU_X15565,0,0,0.999,0,0.001,2,2
NU_X15527,0,0,1,0,0,2,2
NU_X30023,0,0.003,0.997,0,0,2,2
NU_L24060,0,0,1,0,0,2,2
NU_L24514,0,0.001,0.999,0,0,2,2
NU_L24709,0,0,1,0,0,2,2
NU_L28589,0,0,0.867,0,0.133,2,2
NU_L23149,0,0.994,0.006,0,0,1,1
NU_L23239,0,0.951,0.049,0,0,1,1
NU_L23719,0,0,1,0,0,2,2
NU_L39906,0,0,1,0,0,2,2
NU_X30165,0,0,0.765,0,0.235,2,NA
NU_L24297,0,0,1,0,0,2,2
NU_L24518,0,0,1,0,0,2,2
NU_L24710,0,0,0.982,0,0.018,2,2
NU_L24555,0,1,0,0,0,1,1
NU_L23301,0,0,1,0,0,2,2
NU_L40155,0,0,0.001,0,0.999,4,4
NU_L23876,13,0,1,0,0,2,2
NU_L23852,0,0,1,0,0,2,2
NU_L24007,0,0,0.001,0,0.999,4,4
NU_X30729,0,0.001,0.999,0,0,2,2
NU_X30696,0,0,0.898,0,0.102,2,2
NU_L27090,0,0,1,0,0,2,2
NU_L27098,0,0,0.615,0.385,0,2,NA
NU_L28419,0,1,0,0,0,1,1
NU_L28352,0,1,0,0,0,1,1
NU_L24556,0,1,0,0,0,1,1
NU_L23317,0,0,0.859,0,0.141,2,2
NU_L23824,0,0,1,0,0,2,2
NU_L23877,0,0,1,0,0,2,2
NU_L23853,0,0,0.998,0,0.001,2,2
NU_L24010,0,0,1,0,0,2,2
NU_X30742,0,0,1,0,0,2,2
NU_X30703,9,0,1,0,0,2,2
NU_L27091,0,1,0,0,0,1,1
NU_L29384,0,0,1,0,0,2,2
NU_L28422,0,1,0,0,0,1,1
NU_L28353,0,1,0,0,0,1,1
NU_L24557,0,1,0,0,0,1,1
NU_L23323,0,1,0,0,0,1,1
NU_L24388,0,0,0.948,0.047,0.004,2,2
NU_L23878,0,0,1,0,0,2,2
NU_L23855,0,0,0.997,0,0.003,2,2
NU_L24640,0,0.15,0.85,0,0,2,2
NU_X30708,0,0,1,0,0,2,2
NU_L27092,0,0,1,0,0,2,2
NU_L27866,0,1,0,0,0,1,1
NU_L28426,0,1,0,0,0,1,1
NU_L28354,0,1,0,0,0,1,1
NU_L23151,0,1,0,0,0,1,1
NU_L23324,0,1,0,0,0,1,1
NU_L23311,0,0,0.996,0,0.004,2,2
NU_L23879,4,0,1,0,0,2,2
NU_L23859,7,0,1,0,0,2,2
NU_X30751,0,0,0.999,0,0,2,2
NU_X14269,0,0,1,0,0,2,2
NU_L24635,0,1,0,0,0,1,1
NU_L28418,0,1,0,0,0,1,1
NU_L27867,0,1,0,0,0,1,1
NU_L29586,0,1,0,0,0,1,1
NU_L28356,0,1,0,0,0,1,1
NU_L24559,9,1,0,0,0,1,1
NU_L23134,0,0,1,0,0,2,2
NU_L23266,0,0,1,0,0,2,2
NU_L23880,10,0,0.981,0.019,0,2,2
NU_L23861,16,0,0.999,0.001,0,2,2
NU_L24609,8,1,0,0,0,1,1
NU_X30722,0,0,1,0,0,2,2
NU_L24636,0,1,0,0,0,1,1
NU_L28411,0,1,0,0,0,1,1
NU_L39065,0,1,0,0,0,1,1
NU_L28594,4,1,0,0,0,1,1
NU_L28357,0,1,0,0,0,1,1
NU_L24561,0,1,0,0,0,1,1
NU_L23318,0,0,1,0,0,2,2
NU_L23676,0,0,1,0,0,2,2
NU_L23881,0,0,0.998,0.002,0,2,2
NU_L23996,0,0,0.164,0,0.836,4,4
NU_L24482,0,1,0,0,0,1,1
NU_L24322,5,1,0,0,0,1,1
NU_X30172,0,0,1,0,0,2,2
NU_L24741,0,0,1,0,0,2,2
NU_L39001,0,0.002,0.998,0,0,2,2
NU_L35171,0,1,0,0,0,1,1
NU_L28359,0,1,0,0,0,1,1
NU_L23312,0,0.016,0.984,0,0,2,2
NU_L23146,0,0,0.999,0,0.001,2,2
NU_L23792,0,0.01,0.988,0,0.001,2,2
NU_L23882,0,0,1,0,0,2,2
NU_L23997,0,0,0.998,0,0.002,2,2
NU_X30748,0,0,1,0,0,2,2
NU_L35532,0,0,0.705,0,0.295,2,NA
NU_L39002,0,0,0.999,0,0.001,2,2
NU_L28344,0,1,0,0,0,1,1
NU_L24720,0,0,0,1,0,3,3
NU_L23150,0,0,1,0,0,2,2
NU_L40163,0,0,0.14,0,0.86,4,4
NU_L23774,0,1,0,0,0,1,1
NU_L24385,0,1,0,0,0,1,1
NU_L24002,4,0,1,0,0,2,2
NU_X30536,10,0,1,0,0,2,2
NU_L24608,0,1,0,0,0,1,1
NU_L39821,0,1,0,0,0,1,1
NU_L26733,0,1,0,0,0,1,1
NU_L28364,0,1,0,0,0,1,1
NU_L28345,0,1,0,0,0,1,1
NU_L23899,0,1,0,0,0,1,1
104_MC2014_47,0,0,0.999,0,0.001,2,2
112_MC2014_56,0,0,0,0,1,4,4
120_MC2014_64,0,0,0,0,1,4,4
136_MC2014_89,2,0,0.994,0,0.006,2,2
144_MC2014_97,0,0,1,0,0,2,2
152_X15029,0,0,0,0,1,4,4
160_X15117,1,0,0,0,1,4,4
168_X15125,27,0,0.999,0.001,0,2,2
176_X15136,0,0,0.957,0,0.043,2,2
184_X15584,0,0,0.939,0,0.061,2,2
192_X30188,0,0,0,0,1,4,4
111_MC2014_55,1,0,0.59,0.001,0.409,2,NA
119_MC2014_63,0,0,0,0,1,4,4
127_MC2014_73,0,0,1,0,0,2,2
135_MC2014_88,0,0,1,0,0,2,2
143_MC2014_96,0,0,0,0,1,4,4
151_X14900,0,0,0,0,1,4,4
159_X15116,2,0,0,0,1,4,4
167_X15124,0,0,0,0,1,4,4
175_X15135,0,0,1,0,0,2,2
102_MC2014_45,0,0,0.999,0,0.001,2,2
110_MC2014_54,0,0,0,0,1,4,4
126_MC2014_70,0,0,0.773,0,0.227,2,NA
134_MC2014_87,0,0,1,0,0,2,2
142_MC2014_95,0,0,0,0,1,4,4
150_X13859,0,0,0,0,1,4,4
158_X15115,0,0,0,0,1,4,4
174_X15134,0,0,0,0,1,4,4
182_X15582,0,0,0,0,1,4,4
190_X15590,2,0,1,0,0,2,2
109_MC2014_53,0,0,0.005,0,0.995,4,4
117_MC2014_61,0,0,0.001,0,0.999,4,4
141_MC2014_94,17,0,0.002,0,0.998,4,4
149_X13858,0,0,0,0,1,4,4
157_X15114,0,0,0,0,1,4,4
173_X15133,0,0,0,0,1,4,4
181_X15581,0,0,0,0,1,4,4
189_X15589,1,0,0.96,0,0.04,2,2
108_MC2014_51,0,0,0,0,1,4,4
116_MC2014_60,0,0,0,0,1,4,4
124_MC2014_68,0,0,0,0,1,4,4
132_MC2014_85,0,0,1,0,0,2,2
148_X13857,0,0,0,0,1,4,4
156_X15113,0,0,0,0,1,4,4
164_X15121,0,0,0,0,1,4,4
172_X15131,0,0,0.564,0,0.436,2,NA
180_X15580,0,0,0,0,1,4,4
188_X15588,0,0,0.959,0,0.041,2,2
99_MC2014_42,0,0,0,0,1,4,4
115_MC2014_59,0,0,1,0,0,2,2
123_MC2014_67,0,0,0,0,1,4,4
131_MC2014_82,0,0,1,0,0,2,2
147_X13855,0,0,0,0,1,4,4
155_X15108,0,0,1,0,0,2,2
163_X15120,0,0,0.324,0,0.676,4,NA
171_X15111,0,0,0,0,1,4,4
179_X15579,0,0,0,0,1,4,4
98_MC2014_41,0,0,0,0,1,4,4
106_MC2014_49,0,0,0,0,1,4,4
114_MC2014_58,0,0,0,0,1,4,4
122_MC2014_66,0,0,0,0,1,4,4
130_MC2014_81,0,0,1,0,0,2,2
138_MC2014_91,0,0,1,0,0,2,2
146_MC2014_99,0,0,0.088,0,0.912,4,4
162_X15119,0,0,0,0,1,4,4
178_X15418,0,0,0.668,0,0.332,2,NA
186_X15586,1,0,1,0,0,2,2
113_MC2014_57,0,0,0,0,1,4,4
137_MC2014_90,0,0,0,0,1,4,4
145_MC2014_98,0,0,1,0,0,2,2
153_X15106,0,0,1,0,0,2,2
161_X15118,0,0,0,0,1,4,4
177_X15137,0,0,0.002,0,0.998,4,4
24_MC2015_116,0,0,0,0,1,4,4
32_MC2015_20,0,0,0,0,1,4,4
40_MC2015_29,0,0,0,0,1,4,4
48_MC2015_42,0,0,1,0,0,2,2
56_MC2015_5,0,0,0,0,1,4,4
64_MC2015_59,0,0,0.056,0,0.944,4,4
72_MC2015_69,0,0,0.998,0,0.002,2,2
80_MC2015_76,0,0,0,0,1,4,4
6_MC2015_38,28,0,0.982,0.001,0.017,2,2
15_MC2015_106,0,0,1,0,0,2,2
31_MC2015_17,0,0,0.996,0.004,0,2,2
47_MC2015_41,0,0,1,0,0,2,2
63_MC2015_58,0,0,0,0,1,4,4
71_MC2015_68,0,0,1,0,0,2,2
79_MC2015_75,0,0,0.999,0,0.001,2,2
87_MC2015_87,0,0.002,0.072,0,0.926,4,4
95_MC2015_94,8,0,0.001,0,0.999,4,4
5_MC2015_35,0,0,1,0,0,2,2
14_MC2015_105,0,0,0.987,0.001,0.012,2,2
30_MC2015_16,0,0,0,0,1,4,4
38_MC2015_26,0,0,0,0,1,4,4
46_MC2015_40,0,0,0.999,0,0.001,2,2
62_MC2015_57,0,0,0,0,1,4,4
70_MC2015_67,0,0,0.018,0,0.982,4,4
78_MC2015_74,0,0,0,0,1,4,4
86_MC2015_86,0,0,0,0,1,4,4
94_MC2015_93,0,0,0,0,1,4,4
21_MC2015_113,0,0,0,0,1,4,4
37_MC2015_25,0,0,0.083,0.629,0.287,3,NA
53_MC2015_47,0,0,0,0,1,4,4
61_MC2015_56,0,0,0.054,0.049,0.897,4,4
69_MC2015_66,0,0,0.999,0,0.001,2,2
77_MC2015_73,0,0,0,0,1,4,4
85_MC2015_85,0,0,0,0,1,4,4
93_MC2015_92,0,0,0,0,1,4,4
3_MC2015_122,5,0,0.002,0,0.998,4,4
12_MC2015_103,0,0,1,0,0,2,2
20_MC2015_112,0,0,0,0,1,4,4
36_MC2015_24,0,0,1,0,0,2,2
60_MC2015_55,0,0,0,0,1,4,4
68_MC2015_65,0,0,0,0,1,4,4
76_MC2015_72,0,0,0,0,1,4,4
84_MC2015_84,0,0,0.955,0,0.045,2,2
92_MC2015_91,0,0,0.006,0,0.994,4,4
2_MC2015_109,0,0,0.011,0,0.989,4,4
11_MC2015_101,0,0,0,0,1,4,4
27_MC2015_120,0,0,0,0,1,4,4
35_MC2015_23,0,0,0.12,0,0.88,4,4
51_MC2015_45,0,0,0,0,1,4,4
59_MC2015_54,0,0,0,0,1,4,4
67_MC2015_61,0,0,0,0,1,4,4
75_MC2015_71,0,0,0,0,1,4,4
83_MC2015_80,0,0,0.012,0,0.988,4,4
91_MC2015_90,0,0,0,0,1,4,4
NU_L29339,0,1,0,0,0,1,1
10_MC2015_100,0,0,0,0,1,4,4
18_MC2015_110,0,0,0,0,1,4,4
26_MC2015_118,0,0,0,0,1,4,4
34_MC2015_22,0,0,0,0,1,4,4
42_MC2015_36,0,0,0,0,1,4,4
50_MC2015_44,0,0,0.002,0,0.998,4,4
66_MC2015_60,0,0,0,0,1,4,4
74_MC2015_70,0,0,1,0,0,2,2
82_MC2015_8,0,0,0.065,0,0.935,4,4
90_MC2015_9,2,0,0.032,0,0.968,4,4
9_MC2015_1,0,0.001,0.097,0,0.902,4,4
17_MC2015_103,0,0,0,0,1,4,4
33_MC2015_21,0,0,0,0,1,4,4
49_MC2015_43,0,0,0,0,1,4,4
65_MC2015_6,0,0,0,0,1,4,4
73_MC2015_7,0,0,0,0,1,4,4
81_MC2015_79,1,0,0,0,1,4,4
89_MC2015_89,4,0,0.005,0,0.995,4,4
105_GB2016_20,0,0,1,0,0,2,2
113_GB2016_28,0,0,1,0,0,2,2
121_GB2016_36,0,0,1,0,0,2,2
129_GB2016_44,0,0,1,0,0,2,2
145_GB2016_60,0,0,1,0,0,2,2
153_GB2016_68,0,0,1,0,0,2,2
161_GB2016_76,0,0,1,0,0,2,2
169_GB2016_84,0,0,1,0,0,2,2
177_GB2016_92,0,0,1,0,0,2,2
185_GB2016_95,0,0,1,0,0,2,2
98_GB2016_13,0,0,1,0,0,2,2
106_GB2016_22,0,0,1,0,0,2,2
114_GB2016_29,0,0,0.474,0,0.526,4,NA
122_GB2016_37,0,0,1,0,0,2,2
130_GB2016_45,0,0,0.818,0,0.182,2,2
138_GB2016_53,0,0,0.999,0,0.001,2,2
146_GB2016_61,0,0,1,0,0,2,2
154_GB2016_69,0,0,1,0,0,2,2
170_GB2016_85,0,0,1,0,0,2,2
178_GB2016_93,0,0,1,0,0,2,2
186_GB2016_96,0,0.999,0.001,0,0,1,1
99_GB2016_14,0,0,1,0,0,2,2
107_GB2016_21,0,0,1,0,0,2,2
115_GB2016_30,0,0,1,0,0,2,2
131_GB2016_46,0,0,1,0,0,2,2
139_GB2016_54,0,0,1,0,0,2,2
147_GB2016_62,0,0,1,0,0,2,2
155_GB2016_70,0,1,0,0,0,1,1
163_GB2016_78,0,0,1,0,0,2,2
171_GB2016_86,0,0,0.995,0,0.005,2,2
179_GB2016_121,0,0,1,0,0,2,2
100_GB2016_15,0,0,1,0,0,2,2
108_GB2016_23,0,0,1,0,0,2,2
116_GB2016_31,0,0,1,0,0,2,2
124_GB2016_39,0,0,0.96,0,0.04,2,2
132_GB2016_47,0,0,1,0,0,2,2
140_GB2016_56,0,0,1,0,0,2,2
148_GB2016_63,0,0,1,0,0,2,2
164_GB2016_79,0,0,1,0,0,2,2
172_GB2016_87,0,0.005,0.995,0,0,2,2
180_GB2016_122,0,0,1,0,0,2,2
188_GB2016_98,0,0.952,0.048,0,0,1,1
101_GB2016_16,0,0,1,0,0,2,2
109_GB2016_24,0,0,1,0,0,2,2
117_GB2016_32,0,0,1,0,0,2,2
125_GB2016_40,0,0,0.161,0.035,0.804,4,4
133_GB2016_48,0,0,1,0,0,2,2
141_GB2016_55,0,0,1,0,0,2,2
149_GB2016_64,13,0,1,0,0,2,2
157_GB2016_72,0,0,0.999,0,0.001,2,2
165_GB2016_80,0,0,1,0,0,2,2
173_GB2016_88,0,0,1,0,0,2,2
181_GB2016_123,0,0,1,0,0,2,2
189_GB2016_99,0,0,1,0,0,2,2
110_GB2016_25,0,0,1,0,0,2,2
118_GB2016_33,0,0,1,0,0,2,2
126_GB2016_41,0,0,0.993,0,0.007,2,2
134_GB2016_49,0,0,1,0,0,2,2
142_GB2016_57,0,1,0,0,0,1,1
150_GB2016_65,0,0,1,0,0,2,2
158_GB2016_73,0,0,1,0,0,2,2
166_GB2016_81,0,0,1,0,0,2,2
174_GB2016_89,0,0.008,0.992,0,0,2,2
182_GB2016_124,0,0,1,0,0,2,2
190_GB2016_140,0,0,1,0,0,2,2
103_GB2016_18,0,0,0.313,0,0.687,4,NA
111_GB2016_26,0,0,1,0,0,2,2
119_GB2016_34,0,0,1,0,0,2,2
127_GB2016_42,0,0,1,0,0,2,2
135_GB2016_50,0,0,0.984,0,0.016,2,2
143_GB2016_58,0,0,1,0,0,2,2
151_GB2016_66,0,0,1,0,0,2,2
159_GB2016_74,0,0,0.991,0,0.009,2,2
167_GB2016_82,0,0,1,0,0,2,2
175_GB2016_90,0,0,0.999,0.001,0,2,2
183_GB2016_125,6,0.956,0.044,0,0,1,1
191_GB2016_141,0,0,0.999,0,0.001,2,2
104_GB2016_19,0,0,1,0,0,2,2
112_GB2016_27,0,0,1,0,0,2,2
120_GB2016_35,0,0,1,0,0,2,2
128_GB2016_43,0,0,1,0,0,2,2
136_GB2016_51,0,0,1,0,0,2,2
144_GB2016_59,0,0,1,0,0,2,2
152_GB2016_67,0,0,1,0,0,2,2
168_GB2016_83,22,0,0.999,0,0.001,2,2
176_GB2016_91,0,0.121,0.879,0,0,2,2
184_GB2016_94idk,0,0,1,0,0,2,2
192_GB2016_142,0,0,1,0,0,2,2
105_GB2015_7,0,0,0.999,0,0.001,2,2
121_GB2015_23,0,0,0.861,0,0.139,2,2
129_GB2015_31,27,0,0.999,0,0.001,2,2
137_GB2015_39,0,0.005,0.994,0,0,2,2
153_GB2015_58,0,0,0.291,0.003,0.706,4,NA
161_GB2015_66,0,0.021,0.977,0,0.002,2,2
169_GB2015_76,0,0,1,0,0,2,2
185_GB2015_92,0,0,1,0,0,2,2
98_MC2015_99,0,0,0,0,1,4,4
106_GB2015_8,0,0,1,0,0,2,2
122_GB2015_24,0,0,1,0,0,2,2
138_GB2015_40,0,0,0.999,0,0.001,2,2
146_GB2015_50,0,0,1,0,0,2,2
154_GB2015_59,0,0,1,0,0,2,2
162_GB2015_67,0,0,0.852,0,0.148,2,2
178_GB2015_85,0,0,1,0,0,2,2
186_GB2015_93,0,0,0.999,0,0.001,2,2
99_GB2015_1,0,0,0.998,0,0.002,2,2
107_GB2015_9,0,0,0.994,0.002,0.005,2,2
115_GB2015_17,0,0,1,0,0,2,2
123_GB2015_25,0,0,0.991,0,0.009,2,2
131_GB2015_33,28,0,0.987,0,0.012,2,2
139_GB2015_41,0,0,1,0,0,2,2
147_GB2015_51,0,0,0.999,0,0.001,2,2
155_GB2015_60,0,0,1,0,0,2,2
163_GB2015_68,0,0,0.966,0,0.034,2,2
171_GB2015_78,0,0,1,0,0,2,2
179_GB2015_86,0,0,0.977,0,0.023,2,2
187_GB2015_94,0,0,1,0,0,2,2
100_GB2015_2,0,0,1,0,0,2,2
108_GB2015_10,0,0,1,0,0,2,2
116_GB2015_18,0,0,0.009,0,0.991,4,4
124_GB2015_26,0,0,1,0,0,2,2
132_GB2015_34,0,0,0.964,0.036,0,2,2
140_GB2015_42,0,0,1,0,0,2,2
148_GB2015_52,0,0,1,0,0,2,2
156_GB2015_61,0,0,1,0,0,2,2
164_GB2015_69,0,0,1,0,0,2,2
172_GB2015_79,0,0,1,0,0,2,2
180_GB2015_87,0,0,1,0,0,2,2
101_GB2015_3,0,0,1,0,0,2,2
109_GB2015_11,0,0,1,0,0,2,2
117_GB2015_19,0,0,1,0,0,2,2
125_GB2015_27,0,0,1,0,0,2,2
133_GB2015_35,0,0,1,0,0,2,2
141_GB2015_43,0,0,1,0,0,2,2
165_GB2015_70,0,0,1,0,0,2,2
173_GB2015_80,0,0,1,0,0,2,2
181_GB2015_88,0,0,1,0,0,2,2
110_GB2015_12,0,0,1,0,0,2,2
118_GB2015_20,0,0,1,0,0,2,2
126_GB2015_28,0,0,1,0,0,2,2
134_GB2015_36,0,0,1,0,0,2,2
142_GB2015_44,0,0,1,0,0,2,2
166_GB2015_71,0,0,1,0,0,2,2
174_GB2015_81,0,0,0.911,0,0.089,2,2
182_GB2015_89,0,0,1,0,0,2,2
190_GB2015_97,0,0,1,0,0,2,2
103_GB2015_5,21,0,0.999,0,0,2,2
111_GB2015_13,0,0,1,0,0,2,2
119_GB2015_21,0,0,0.997,0.001,0.001,2,2
127_GB2015_29,0,0,1,0,0,2,2
135_GB2015_37,6,0,0.943,0,0.057,2,2
143_GB2015_45,0,0,1,0,0,2,2
151_GB2015_55,0,0,1,0,0,2,2
167_GB2015_74,0,0,1,0,0,2,2
175_GB2015_82,0,0,1,0,0,2,2
183_GB2015_90,0,0,1,0,0,2,2
191_GB2015_98,0,0.333,0.667,0,0,2,NA
104_GB2015_6,0,0,0.012,0,0.988,4,4
128_GB2015_30,8,0,1,0,0,2,2
136_GB2015_38,0,0,1,0,0,2,2
144_GB2015_48,0,0,1,0,0,2,2
152_GB2015_56,0,0,1,0,0,2,2
168_GB2015_75,0,0,1,0,0,2,2
176_GB2015_83,0,0,0,0,1,4,4
184_GB2015_91,0,0,1,0,0,2,2
192_GB2015_99,0,0,1,0,0,2,2
NU_L25609_VM,3,0,0.461,0,0.539,4,NA
NU_L39651_MC,0,0,0.029,0,0.971,4,4
NU_L29291_MC,0,0,1,0,0,2,2
NU_L24037_MC,0,0,0.011,0.001,0.988,4,4
NU_L26628_VM,0,0,0.003,0,0.997,4,4
NU_L35117_MC,0,0,0.12,0.004,0.876,4,4
NT_100572_VM,7,0,0.526,0,0.474,2,NA
NU_L40171_MC,0,0,0,0,1,4,4
NT_100461_VM,15,0,0.996,0.004,0,2,2
NU_L24929_MC,0,0,0,0,1,4,4
NU_L24657_MC,4,0,1,0,0,2,2
NU_L24993_MC,0,0,0,0,1,4,4
NU_L25608_VM,0,0,0.965,0,0.035,2,2
NT_100628_VM,0,0,0,1,0,3,3
NU_L24958_MC,0,0,0,0,1,4,4
NU_L29359_MC,0,0,0.882,0,0.118,2,2
NU_L24959_MC,0,0.514,0.486,0,0,1,NA
NT_100084_VM,0,0,0,1,0,3,3
NT_100259_VM,0,0,0.195,0.805,0,3,3
NT_100463_VM,0,0,0,0.026,0.974,4,4
NT_100173_VM,0,0,0.111,0,0.889,4,4
NT_100629_VM,0,0,0,1,0,3,3
NU_L25610_VM,0,0,0,0,1,4,4
NU_L27104_MC,0,0,0,0,1,4,4
NU_L24661_MC,0,0,0,0,1,4,4
NU_L27338A_MC,0,0,0,0,1,4,4
NT_100670_VM,0,0,0.86,0.015,0.125,2,2
NU_L28471_MC,0,0,0.124,0,0.876,4,4
NU_L40166_MC,0,0,0,0,1,4,4
NU_L39239_VM,0,0,0.587,0,0.413,2,NA
NT_100413_VM,0,0,0.153,0,0.847,4,4
NT_100083_VM,0,0,0.025,0.975,0,3,3
NU_L40172_MC,0,0,0.009,0,0.991,4,4
NU_L26008_MC,1,0,0,0,1,4,4
NU_L35566_VM,0,0,0.009,0.991,0,3,3
NU_L27105_MC,0,0,0,0,1,4,4
NU_L35564_VM,0,0,0,0,1,4,4
NU_L39644_VM,0,0,0.116,0.445,0.438,3,NA
NU_L39243_MC,0,0,0,0,1,4,4
NU_L26930_MC,0,0,0.987,0,0.013,2,2
NT_100414_VM,0,0,0,0,1,4,4
NU_L28891_VM,0,0,0.001,0,0.999,4,4
NU_L39330_MC,0,0,0,0,1,4,4
NU_L28893_MC,0,0,0,0,1,4,4
NU_L29290_MC,0,0,1,0,0,2,2
NU_L39240_VM,0,0,0.003,0,0.997,4,4
NU_L27540_MC,0,0,0,0,1,4,4
NT_100671_VM,0,0,0.814,0.068,0.118,2,2
NU_L24928_MC,0,0,0,0,1,4,4
NU_L39953_MC,0,1,0,0,0,1,1
NT_100573_VM,0,0,0,1,0,3,3
NT_100381_VM,0,0,0,1,0,3,3
NU_L35119_MC,0,0,0,0,1,4,4
NU_L29357_VM,0,0,0,0,1,4,4
NU_L28983_MC,0,0,0,0,1,4,4
NU_L35118_VM,0,0,0.983,0,0.017,2,2
NT_100627_VM,0,0,0,0,1,4,4
NT_100727_VM,0,0,0,1,0,3,3
NU_L35563_VM,0,0,0,0,1,4,4
NU_L28739_MC,0,0,0.03,0.041,0.929,4,4
NT_100462_VM,0,0,0,1,0,3,3
NU_L24756_MC,0,0,1,0,0,2,2
NU_L24311_MC,1,0,0.002,0,0.998,4,4
NU_L25611_VM,0,0,0.003,0,0.997,4,4
NT_100626_VM,0,0,0.002,0,0.998,4,4
NT_100082_VM,0,0,0.931,0.003,0.066,2,2
NU_L40085_MC,0,0,0.389,0,0.611,4,NA
NU_L39395_MC,0,0,1,0,0,2,2
NT_100081_VM,0,0,0.006,0,0.994,4,4
NT_100176_VM,0,0,0.297,0,0.703,4,NA
NU_L39404_MC,0,0,0.792,0.208,0,2,NA
NU_L39398_MC,0,0,0.944,0,0.056,2,2
NU_L27539_VM,0,0,0,0,1,4,4
NU_L35116_VM,0,0,0.018,0.123,0.859,4,4
NU_L27102_MC,0,0,0,0,1,4,4
NU_L29360_MC,0,0,1,0,0,2,2
NU_L26629_VM,0,0,0.004,0,0.996,4,4
NT_100571_VM,0,0,0,0,1,4,4
NU_L29358_VM,0,0,0,0,1,4,4
NU_L39569_MC,0,0,0,0,1,4,4
NT_100570_VM,0,0,0,1,0,3,3
NU_L40082_MC,0,0,1,0,0,2,2
NT_100285_NB,0,0,0,1,0,3,3
NU_L28890_GB,0,0,1,0,0,2,2
NU_L26302_LS,0,0,1,0,0,2,2
NU_L28673_GB,0,0,1,0,0,2,2
NU_L27756_LS,0,0,1,0,0,2,2
NT_100283_NB,18,0,0.997,0.003,0,2,2
NU_L39138_LS,0,0,0.998,0,0.002,2,2
NU_L28470_MC,0,0,0,0,1,4,4
NU_L39658_GB,0,0,1,0,0,2,2
NT_100288_NB,0,0,0,1,0,3,3
NT_100269_NB,0,0,0,1,0,3,3
NT_100284_NB,29,0,0.997,0.001,0.002,2,2
NU_L28879_GB,0,0,1,0,0,2,2
NU_L28984_GB,0,0,1,0,0,2,2
NU_L39848_GB,0,0,1,0,0,2,2
NU_L28986_GB,0,0,1,0,0,2,2
NT_100274_NB,0,0,0,1,0,3,3
NT_100265_NB,22,0,1,0,0,2,2
NT_100289_NB,0,0,0,1,0,3,3
NU_L39721_GB,0,0,1,0,0,2,2
NU_L28872_GB,0,0,1,0,0,2,2
NU_L23786_LS,0,0,1,0,0,2,2
NU_L39677_GB,0,0,1,0,0,2,2
NU_L28871_GB,0,0,1,0,0,2,2
NU_L27008_LS,0,0,1,0,0,2,2
NU_L39679_GB,0,0,1,0,0,2,2
NU_L40179_GB,0,0.013,0.987,0,0,2,2
NT_100276_NB,0,0,0,1,0,3,3
NT_100275_NB,0,0,0,1,0,3,3
NU_L39465_GB,0,0,0.999,0.001,0,2,2
NT_100270_NB,0,0,0,1,0,3,3
NT_100281_NB,0,0,0,1,0,3,3
NU_L24324_GB,0,0,1,0,0,2,2
NU_L28680_GB,0,0,1,0,0,2,2
NU_L39723_GB,0,0,1,0,0,2,2
NU_L26293_LS,0,0,0.999,0,0.001,2,2
NU_L28745_GB,0,0,0.993,0.001,0.006,2,2
NU_L39738_GB,0,0,1,0,0,2,2
NU_L39869_LS,0,0,1,0,0,2,2
NU_L28309_GB,0,0,1,0,0,2,2
NU_L35672_LS,0,0,1,0,0,2,2
NT_100267_NB,0,0,0,1,0,3,3
NU_L28291_GB,0,0,1,0,0,2,2
NU_L25500_LS,0,0,1,0,0,2,2
NU_L24038_NB,0,0,0,1,0,3,3
NU_L28928_GB,0,0,1,0,0,2,2
NU_L28875_GB,0,1,0,0,0,1,1
NU_L28296_GB,0,0,1,0,0,2,2
NT_100286_NB,0,0,0.007,0,0.993,4,4
NU_L40077_GB,0,0,1,0,0,2,2
NT_100273_NB,0,0,0,1,0,3,3
NU_L35689_LS,0,0,1,0,0,2,2
NT_100271_NB,0,0,0,1,0,3,3
NU_L24516_LS,1,0,1,0,0,2,2
NU_L28741_GB,0,0.001,0.999,0,0,2,2
NU_L24612_GB,0,0,1,0,0,2,2
NU_L28869_GB,0,0,1,0,0,2,2
NU_L28887_GB,0,0,1,0,0,2,2
NT_100272_NB,0,0,0,1,0,3,3
NU_L40065_GB,0,0,0.948,0,0.052,2,2
NU_L39907_LS,0,0,1,0,0,2,2
NU_L23216_GB,1,0.003,0.997,0,0,2,2
NU_L40053_GB,0,0,1,0,0,2,2
NT_100277_NB,0,0,0.026,0,0.974,4,4
NU_L23215_GB,0,0,1,0,0,2,2
NU_L26198_LS,0,0,1,0,0,2,2
NU_L39400_GB,0,0,1,0,0,2,2
NU_L28746_GB,0,0.086,0.914,0,0,2,2
NU_L24581_MC,0,0,0,0,1,4,4
NU_L28465_GB,0,0,1,0,0,2,2
NU_L28294_GB,0,0.001,0.999,0,0,2,2
NU_L28475_GB,0,0,0,0,1,4,4
NT_100264_NB,0,0,0,1,0,3,3
NT_100278_NB,0,0,0.01,0,0.99,4,4
NU_L39905_GB,0,0.009,0.991,0,0,2,2
NT_100279_NB,0,0,0,1,0,3,3
NU_L25579B_LS,0,0,1,0,0,2,2
NU_L29172_LS,0,0,0.114,0,0.886,4,4
NU_L28884_GB,0,0,0.981,0,0.019,2,2
NU_L39466_GB,0,0,0.998,0.002,0,2,2
NU_L28668_GB,0,0,1,0,0,2,2
NT_100287_NB,0,0,1,0,0,2,2
NU_L29014_LS,0,0,0.999,0,0.001,2,2
NU_L35656_LS,0,0,0.997,0,0.002,2,2
NU_L35646_LS,0,0,0.064,0,0.936,4,4
NU_L28878_GB,0,0,1,0,0,2,2
NU_L40036_LS,0,0,1,0,0,2,2
NU_L39975B_GB,0,0.13,0.87,0,0,2,2
NT_100486,18,0,0,1,0,3,3
NT_100491,14,0,0,1,0,3,3
NT_100576,23,0,0,1,0,3,3
NU_L24444,2,1,0,0,0,1,1
NU_L24451,0,1,0,0,0,1,1
NU_L26244,10,0,0.328,0.668,0.003,3,NA
NU_L28338,0,1,0,0,0,1,1
NU_L28343,1,1,0,0,0,1,1
NU_L29280A,3,1,0,0,0,1,1
NU_L29285A,0,0.956,0.044,0,0,1,1
NU_L29336,2,1,0,0,0,1,1
NU_L29589,0,1,0,0,0,1,1
NU_L35174,0,1,0,0,0,1,1
NU_L35531,2,0,1,0,0,2,2
NU_L35584,0,1,0,0,0,1,1
NU_L39059,3,0,1,0,0,2,2
NU_L39090,18,0,1,0,0,2,2
NU_L39097,2,0,1,0,0,2,2
NU_L39818,0,1,0,0,0,1,1
SCL_15653,3,0,1,0,0,2,2
SCL_15677,1,0.027,0.973,0,0,2,2
NT_100458,16,0,0,1,0,3,3
NT_100487,0,0,0,1,0,3,3
NT_100492,8,0,0,1,0,3,3
NT_100577,1,0,0,1,0,3,3
NU_L24440,3,1,0,0,0,1,1
NU_L24445,1,1,0,0,0,1,1
NU_L28333,0,1,0,0,0,1,1
NU_L28339,0,1,0,0,0,1,1
NU_L28346,3,1,0,0,0,1,1
NU_L28406,7,1,0,0,0,1,1
NU_L28425,1,1,0,0,0,1,1
NU_L29281A,1,1,0,0,0,1,1
NU_L29286B,0,0,1,0,0,2,2
NU_L29337,0,1,0,0,0,1,1
NU_L29590,0,1,0,0,0,1,1
NU_L35529,1,0,0.408,0.592,0,3,NA
NU_L35575,0,1,0,0,0,1,1
NU_L35729,0,0,1,0,0,2,2
NU_L39060,0,1,0,0,0,1,1
NU_L39086,0,0,1,0,0,2,2
NU_L39091,0,0,1,0,0,2,2
NU_L39098,1,0,1,0,0,2,2
NU_L40067,0,0,0,0,1,4,4
SCL_15654,0,0,0.997,0.001,0.002,2,2
SCL_15678,0,0,0.999,0,0.001,2,2
NT_100488,0,0,0,1,0,3,3
NT_100493,0,0,0,1,0,3,3
NU_L24441,9,1,0,0,0,1,1
NU_L24446,2,1,0,0,0,1,1
NU_L27863,1,1,0,0,0,1,1
NU_L28334,0,1,0,0,0,1,1
NU_L28340,0,1,0,0,0,1,1
NU_L28347,0,1,0,0,0,1,1
NU_L28427,0,1,0,0,0,1,1
NU_L29282B,1,1,0,0,0,1,1
NU_L29287A,0,0,1,0,0,2,2
NU_L29340,0,1,0,0,0,1,1
NU_L29591,0,1,0,0,0,1,1
NU_L35525,20,0,1,0,0,2,2
NU_L35527,1,0,1,0,0,2,2
NU_L35581,0,1,0,0,0,1,1
NU_L39062,0,1,0,0,0,1,1
NU_L39087,0,0,0.806,0.194,0,2,2
NU_L39093,0,0,1,0,0,2,2
NU_L39099,0,0,0.999,0,0,2,2
NU_L39322,0,0,1,0,0,2,2
NU_L39834,0,0,1,0,0,2,2
NU_L40087,0,0,0,0,1,4,4
SCL_15655,0,0,1,0,0,2,2
SCL_15674,16,1,0,0,0,1,1
SCL_15680,0,0.001,0.999,0,0,2,2
NT_100489,5,0,0,1,0,3,3
NT_100581,0,0,0,1,0,3,3
NU_L24442,14,1,0,0,0,1,1
NU_L24448,28,1,0,0,0,1,1
NU_L27864,8,1,0,0,0,1,1
NU_L28335,0,1,0,0,0,1,1
NU_L28341,1,1,0,0,0,1,1
NU_L28408,24,0.994,0.006,0,0,1,1
NU_L28428,13,1,0,0,0,1,1
NU_L29278,0,1,0,0,0,1,1
NU_L29283B,9,1,0,0,0,1,1
NU_L29288A,0,0.246,0.753,0,0,2,NA
NU_L29592,3,1,0,0,0,1,1
NU_L35536,16,0.811,0.186,0.001,0.001,1,1
NU_L35582,0,1,0,0,0,1,1
NU_L39063,12,1,0,0,0,1,1
NU_L39088,1,0,1,0,0,2,2
NU_L39094,0,0,1,0,0,2,2
NU_L39652,12,1,0,0,0,1,1
NU_L39824,0,1,0,0,0,1,1
NU_L40060,0,0,0.3,0,0.7,4,NA
SCL_15651,24,0,0.999,0,0.001,2,2
SCL_15656,0,0,0.994,0,0.006,2,2
SCL_15675,0,0.004,0.996,0,0,2,2
NT_100716,0,0,0,1,0,3,3
NT_100717,0,0,0,1,0,3,3
NT_100724,0,0,0,1,0,3,3
NU_L25434,0,0,0.049,0,0.951,4,4
NU_L26063,0,0,0.968,0.032,0,2,2
NU_L26084,1,1,0,0,0,1,1
NU_L26088,0,0,1,0,0,2,2
NU_L26090,4,0,1,0,0,2,2
NU_L26091,0,0,1,0,0,2,2
NU_L26110,22,1,0,0,0,1,1
NU_L26252,0,0,1,0,0,2,2
NU_L26267,0,0,0,0,1,4,4
NU_L26353A,0,0,1,0,0,2,2
NU_L27781,0,0,1,0,0,2,2
NU_L29008,15,0,0.6,0,0.4,2,NA
NU_L29634,0,0,1,0,0,2,2
NU_L35340,0,0.984,0.016,0,0,1,1
NU_X13487,2,0,0.999,0,0.001,2,2
NT_100339,22,0,0.076,0.923,0.001,3,3
NT_100343,9,0,0,1,0,3,3
NT_100383,0,0,0,1,0,3,3
NT_100650,3,0,0,1,0,3,3
NT_100651,0,0,0,1,0,3,3
NT_100669,1,0,0,1,0,3,3
NU_L23937,3,0,0.951,0,0.049,2,2
NU_L28969,0,0,1,0,0,2,2
NU_L35219A,0,0,0.997,0,0.003,2,2
NU_L35435,13,1,0,0,0,1,1
NU_L35436,20,1,0,0,0,1,1
NU_L39337,0,0.055,0.945,0,0,2,2
NU_L39381,0,1,0,0,0,1,1
NU_L39483,0,0.128,0.872,0,0,2,2
NU_L39560,0,1,0,0,0,1,1
NU_L39634,0,0,1,0,0,2,2
NU_L39635,0,0,1,0,0,2,2
NU_L39680,0,0,1,0,0,2,2
NU_L39752,0,0,1,0,0,2,2
NU_L39754,0,0,1,0,0,2,2
NT_100340,2,0,0,1,0,3,3
NT_100341,1,0,0,1,0,3,3
NT_100506,9,0,0,1,0,3,3
NT_100510B,19,0,0,1,0,3,3
NT_100529,22,0,0,1,0,3,3
NT_100635,3,0,0,1,0,3,3
NT_100642,7,0,0,1,0,3,3
NU_L27660,3,0,0,1,0,3,3
NU_L39629,0,0,0.994,0.006,0,2,2
NU_L39633,1,0,1,0,0,2,2
NU_X30247,0,0,0.999,0,0,2,2
NU_X30289,14,0,0,0,1,4,4
NU_L35335A,15,0.203,0.797,0,0,2,NA
NU_L35338,22,0,1,0,0,2,2
NU_L35343,2,0.002,0.998,0,0,2,2
NU_L35344,27,0.34,0.66,0,0,2,NA
NU_L35345,24,0.997,0.003,0,0,1,1
NU_L35349,4,1,0,0,0,1,1
NU_L35417,18,1,0,0,0,1,1
NU_L35418,2,1,0,0,0,1,1
NU_L35420,17,1,0,0,0,1,1
NU_L35423,8,1,0,0,0,1,1
NU_L35425,16,1,0,0,0,1,1
NU_L35442,10,0.001,0.996,0.003,0,2,2
NU_L35444,28,1,0,0,0,1,1
NU_L35446,13,1,0,0,0,1,1
NU_L35448,4,1,0,0,0,1,1
NU_L35449,13,1,0,0,0,1,1
NU_L39241,0,0,0.535,0,0.465,2,NA
NU_L39360,0,1,0,0,0,1,1
NU_L39382,0,1,0,0,0,1,1
NU_L39484,0,1,0,0,0,1,1
NU_L39489,0,1,0,0,0,1,1
NU_L39491,0,1,0,0,0,1,1
NU_L39493,0,0.989,0.011,0,0,1,1
NU_L39494B,0,1,0,0,0,1,1
NU_L39496,1,0.564,0.436,0,0,1,NA
NU_L39502,3,0,1,0,0,2,2
NU_L39507,4,1,0,0,0,1,1
NU_L39509,2,1,0,0,0,1,1
NU_L39510,0,1,0,0,0,1,1
NU_L39511,8,1,0,0,0,1,1
NU_L39515,8,0.902,0.097,0.001,0,1,1
NU_L39623,0,0,0.951,0.002,0.047,2,2
NU_L39640,0,0,0,0,1,4,4
NU_L39643,5,0,1,0,0,2,2
NU_L39664,0,0,1,0,0,2,2
NU_L39686,0,1,0,0,0,1,1
NU_L39687,0,0.995,0.005,0,0,1,1
NU_L39693A,0,0,0.999,0.001,0,2,2
NU_L39695,18,0,0.996,0,0.004,2,2
NU_L39696,0,0,1,0,0,2,2
NU_L39697,3,0.368,0.632,0,0,2,NA
NU_L39698,2,0.001,0.999,0,0,2,2
NU_L39699,1,0,0.969,0,0.031,2,2
NU_L39702,6,0.949,0.051,0,0,1,1
NU_L39705,1,0,0.595,0,0.405,2,NA
NU_L29581,0,0,0.995,0,0.005,2,2
NU_L35205,3,0,1,0,0,2,2
NU_L35378,0,1,0,0,0,1,1
NU_L35565A,0,0,0.998,0,0.002,2,2
NU_L39132,5,1,0,0,0,1,1
NU_L39133,3,1,0,0,0,1,1
NU_L39134,1,1,0,0,0,1,1
NU_L39359,3,1,0,0,0,1,1
NU_L39440,0,0,1,0,0,2,2
NU_L39448,0,0,1,0,0,2,2
NU_L39453,0,0.001,0.998,0,0,2,2
NU_L39458,0,1,0,0,0,1,1
NU_L39459,2,1,0,0,0,1,1
NU_L39467B,0,1,0,0,0,1,1
NU_L39468,0,1,0,0,0,1,1
NU_L39469,0,1,0,0,0,1,1
NU_L39505,0,1,0,0,0,1,1
NU_L39532,12,0,0.999,0,0.001,2,2
NU_L39616,0,0,0,0,1,4,4
NU_L39619,0,0,0,0,1,4,4
NU_L39703,1,1,0,0,0,1,1
NU_L39770,0,0,1,0,0,2,2
NU_L39771,0,0,1,0,0,2,2
NU_L39772,2,0,0.701,0,0.299,2,NA
NU_L39773,1,0,0.756,0,0.244,2,NA
NU_L39774,1,0,1,0,0,2,2
NU_L39775,3,0,1,0,0,2,2
NU_L39776,0,0,1,0,0,2,2
NU_L35206,6,0,1,0,0,2,2
NU_L35209,0,0,1,0,0,2,2
NU_L35211,4,0,1,0,0,2,2
NU_L35214,0,0,1,0,0,2,2
NU_L35216,0,0,0.954,0.046,0,2,2
NU_L35221,0,0,0.997,0,0.003,2,2
NU_L35226,0,1,0,0,0,1,1
NU_L35316,1,0,0,1,0,3,3
NU_L35362,0,0,0.995,0,0.005,2,2
NU_L35363,0,0,0.997,0,0.003,2,2
NU_L35365,15,0,0.002,0,0.998,4,4
NU_L35366,5,0,0.966,0.005,0.029,2,2
NU_L35367,0,0,0.902,0,0.098,2,2
NU_L35368,0,0,1,0,0,2,2
NU_L35369,0,0,0.069,0.805,0.126,3,3
NU_L35370,0,0,1,0,0,2,2
NU_L35376,7,1,0,0,0,1,1
NU_L35379,1,1,0,0,0,1,1
NU_L35400,19,0.9,0.096,0,0.004,1,1
NU_L35401,0,0.455,0.545,0,0,2,NA
NU_L35406,0,0,1,0,0,2,2
NU_L35412A,0,1,0,0,0,1,1
NU_L35413A,0,1,0,0,0,1,1
NU_L35439,0,1,0,0,0,1,1
NU_L39108,0,1,0,0,0,1,1
NU_L39110,11,0,1,0,0,2,2
NU_L39111,0,1,0,0,0,1,1
NU_L39116,0,1,0,0,0,1,1
NU_L39117,27,1,0,0,0,1,1
NU_L39118A,0,1,0,0,0,1,1
NU_L39121,0,1,0,0,0,1,1
NU_L39153,2,0,1,0,0,2,2
NU_L39154,2,0,0.89,0.11,0,2,2
NU_L39155,1,0,1,0,0,2,2
NU_L39156,0,0,0.999,0,0.001,2,2
NU_L39157,0,0,1,0,0,2,2
NU_L39160,0,1,0,0,0,1,1
NU_L39162,0,1,0,0,0,1,1
NU_L39163,0,1,0,0,0,1,1
NU_L39262,24,0,0.976,0.02,0.004,2,2
NU_L39263,0,0,1,0,0,2,2
NU_L39265,8,0,0.939,0,0.06,2,2
NU_L39269B,0,0,0.001,0,0.999,4,4
NU_L39271,0,0,0.999,0,0.001,2,2
NU_L39273,4,0,0.998,0,0.002,2,2
NU_L39275,8,0,1,0,0,2,2
NU_L39333,0,0,1,0,0,2,2
NU_L39396,2,0,0.999,0,0.001,2,2
NU_L39397,0,0,1,0,0,2,2
NU_L39401,0,0,1,0,0,2,2
NU_L39403,0,0,1,0,0,2,2
NU_L39449,0,0.999,0.001,0,0,1,1
NU_L39450,0,1,0,0,0,1,1
NU_L39454,0,0.99,0.01,0,0,1,1
NU_L39456,0,0.004,0.996,0,0,2,2
NU_L39472,0,1,0,0,0,1,1
NU_L39475,25,0,1,0,0,2,2
NU_L39478,0,0,0.999,0.001,0,2,2
NT_100344,5,0,0,1,0,3,3
NT_100544,0,0,0,1,0,3,3
NT_100608,5,0,0,1,0,3,3
NT_100645,0,0,0,1,0,3,3
NT_100666,0,0,0,1,0,3,3
NU_L26306,0,0,1,0,0,2,2
NU_L27339,0,0,0.419,0,0.581,4,NA
NU_L35470,0,0,1,0,0,2,2
NU_L39266,0,0.001,0.999,0,0,2,2
NU_L39399A,0,0,0,0,1,4,4
NU_L39477,0,0,0,0,1,4,4
NU_L39520,0,1,0,0,0,1,1
NU_L39557,0,1,0,0,0,1,1
NU_L39558,0,1,0,0,0,1,1
NU_L39561,18,1,0,0,0,1,1
NU_L39632,0,0,1,0,0,2,2
NU_L39648,0,1,0,0,0,1,1
NU_L39678,0,0,1,0,0,2,2
NU_L39685,1,0,1,0,0,2,2
NU_L24763,0,0,0.687,0.193,0.12,2,NA
NU_L25958,19,0,0.998,0,0.002,2,2
NU_L25960A,0,0,1,0,0,2,2
NU_L25962,0,0,1,0,0,2,2
NU_L26052,0,0,0.977,0.023,0,2,2
NU_L26460,2,0,0.001,0,0.999,4,4
NU_L27600,15,0,1,0,0,2,2
NU_L28325,0,0,1,0,0,2,2
NU_L28568,0,0,1,0,0,2,2
NU_L28941,7,1,0,0,0,1,1
NU_L29464,24,0,1,0,0,2,2
NU_L29465,0,0,1,0,0,2,2
NU_L29480,0,0,1,0,0,2,2
NU_L29576,0,0,0.992,0,0.008,2,2
NT_100177,0,0,0.502,0.032,0.465,2,NA
NT_100196,0,0,0,1,0,3,3
NU_L25528,2,0,0.992,0,0.008,2,2
NU_L25583,0,0,1,0,0,2,2
NU_L25947,13,0,1,0,0,2,2
NU_L26285,6,0,1,0,0,2,2
NU_L26657,0,0,1,0,0,2,2
NU_L27005,0,0,0.982,0,0.018,2,2
NU_L27922,0,0,1,0,0,2,2
NU_L28559,0,0,1,0,0,2,2
NU_L28605,0,0,1,0,0,2,2
NU_L29249,0,0,1,0,0,2,2
NU_L39051,0,0,0,0,1,4,4
NU_L39085,1,0,0.38,0,0.62,4,NA
NU_L24594,0,0,1,0,0,2,2
NU_L26017,0,0,0.999,0,0.001,2,2
NU_L26207,0,0,1,0,0,2,2
NU_L26461,2,0.997,0.003,0,0,1,1
NU_L28550,0,0,1,0,0,2,2
NU_L28590,0,0,1,0,0,2,2
NU_L28670,0,0,1,0,0,2,2
NU_L28952,0,1,0,0,0,1,1
NU_L28953,0,1,0,0,0,1,1
NU_L28954,0,1,0,0,0,1,1
NU_L29458,3,0,0.992,0,0.008,2,2
NU_L35109,0,0,1,0,0,2,2
NU_L35468,0,0,1,0,0,2,2
NU_L35471,0,0,1,0,0,2,2
NU_L39200,0,0,1,0,0,2,2
NU_L39207,0,0,1,0,0,2,2
NU_L39551,0,0,1,0,0,2,2
NU_L39600,0,0,0.987,0,0.013,2,2
GH06_18,6,0,1,0,0,2,2
GH16_18,22,0.021,0.619,0,0.36,2,NA
NT_100333_B,2,0,0,1,0,3,3
NT_100672_B,0,0,0,1,0,3,3
NT_100678_B,0,0,0,1,0,3,3
NT_100686_B,0,0,0,1,0,3,3
NT_100690,0,0,0,1,0,3,3
NT_100692_B,0,0,0,1,0,3,3
NT_100696,18,0,0,1,0,3,3
NT_100697_C,0,0,0,1,0,3,3
NT_100703_C,0,0,0,1,0,3,3
NT_100707,3,0,0,1,0,3,3
NT_100708,3,0,0,1,0,3,3
NT_100709_B,0,0,0,1,0,3,3
NT_100710_B,0,0,0,1,0,3,3
NT_100712,1,0,0,1,0,3,3
NT_100720_B,3,0,0,1,0,3,3
NT_100729,3,0,0,1,0,3,3
NT_100730,0,0,0,1,0,3,3
NT_100732,0,0,0,1,0,3,3
NT_100735,0,0,0,1,0,3,3
NT_200005,16,0,0,1,0,3,3
NT_200015,17,0,0,1,0,3,3
NT_L20003,0,0,0,1,0,3,3
NT_L20035,1,0,0,1,0,3,3
NT_L20037,5,0,0,1,0,3,3
NT_L20041,0,0,0,1,0,3,3
NU_40629,4,1,0,0,0,1,1
NU_40875,1,1,0,0,0,1,1
NU_40877,0,1,0,0,0,1,1
NU_40879,0,1,0,0,0,1,1
NU_40880,0,1,0,0,0,1,1
NU_L23193,3,0,1,0,0,2,2
NU_L23313,2,0,1,0,0,2,2
NU_L24761,1,0,1,0,0,2,2
NU_L25376,0,0,0.997,0,0.003,2,2
NU_L25438,0,0,1,0,0,2,2
NU_L25482,0,1,0,0,0,1,1
NU_L25532,3,0,1,0,0,2,2
NU_L25831,3,0,0.992,0.008,0,2,2
NU_L26005,4,0,1,0,0,2,2
NU_L26189,3,1,0,0,0,1,1
NU_L26249,1,0,1,0,0,2,2
NU_L26338,2,1,0,0,0,1,1
NU_L26439,3,1,0,0,0,1,1
NU_L26883,1,0,1,0,0,2,2
NU_L27882_B,2,0,1,0,0,2,2
NU_L28115,0,0,1,0,0,2,2
NU_L28282,2,1,0,0,0,1,1
NU_L28288,1,0,1,0,0,2,2
NU_L28289,0,0.021,0.979,0,0,2,2
NU_L28370,0,1,0,0,0,1,1
NU_L28606,2,0,0.931,0.006,0.063,2,2
NU_L28796,2,1,0,0,0,1,1
NU_L28883,0,0,1,0,0,2,2
NU_L29327,3,1,0,0,0,1,1
NU_L29444,2,0,1,0,0,2,2
NU_L35120,3,0,0,0,1,4,4
NU_L35383,1,0.982,0.018,0,0,1,1
NU_L35645,1,0,0.494,0,0.506,4,NA
NU_L35663,3,0,1,0,0,2,2
NU_L39038,4,0,1,0,0,2,2
NU_L39120_B,4,0.001,0.921,0.078,0,2,2
NU_L39242_B,1,0,0,0,1,4,4
NU_L39474,2,0,0.089,0,0.911,4,4
NU_L39529,2,0,0.995,0.004,0.001,2,2
NU_L40025,1,0,0.999,0,0.001,2,2
NU_L40059,0,0,1,0,0,2,2
NU_L40766,3,0,1,0,0,2,2
NU_L40806,1,1,0,0,0,1,1
NU_L40873,1,0,0.766,0,0.234,2,NA
NU_L40874,1,1,0,0,0,1,1
NU_L40878,1,1,0,0,0,1,1
NU_L40881,1,1,0,0,0,1,1
NU_L40889,3,1,0,0,0,1,1
NU_L40891,2,1,0,0,0,1,1
NU_L40893,2,1,0,0,0,1,1
NU_L40894,1,1,0,0,0,1,1
NU_L40895,0,1,0,0,0,1,1
NU_L40896,2,1,0,0,0,1,1
NU_L40897,1,1,0,0,0,1,1
NU_L40898,3,1,0,0,0,1,1
NU_L40899,2,1,0,0,0,1,1
NU_L40900,2,1,0,0,0,1,1
NU_L40901,0,1,0,0,0,1,1
NU_L40902,1,1,0,0,0,1,1
NU_L41064,3,1,0,0,0,1,1
NU_L41065,4,1,0,0,0,1,1
NU_L41066,2,1,0,0,0,1,1
NU_L41067,14,1,0,0,0,1,1
NU_L41069,5,1,0,0,0,1,1
NU_L41070,2,1,0,0,0,1,1
NU_L41072,1,1,0,0,0,1,1
NU_L41073,0,1,0,0,0,1,1
NU_L41074,1,1,0,0,0,1,1
NU_L41076,4,1,0,0,0,1,1
NU_L41077,4,1,0,0,0,1,1
NU_L41091,1,0,1,0,0,2,2
NU_L41103,3,1,0,0,0,1,1
NU_L41104,0,0,0.378,0,0.622,4,NA
NU_L41111,1,0,1,0,0,2,2
NU_L41115,0,0,1,0,0,2,2
NU_L41119,8,0,1,0,0,2,2
NU_L41120,2,0,1,0,0,2,2
NU_L41121,2,0,1,0,0,2,2
NU_L41122,1,0,1,0,0,2,2
NU_L41124,3,1,0,0,0,1,1
NU_L41125,1,1,0,0,0,1,1
NU_L41126,0,1,0,0,0,1,1
NU_L41128,1,1,0,0,0,1,1
NU_L41129,6,1,0,0,0,1,1
NU_L41146,4,1,0,0,0,1,1
NU_L41147,2,1,0,0,0,1,1
NU_L41148,2,1,0,0,0,1,1
NU_L41150,3,1,0,0,0,1,1
NU_L41152,3,1,0,0,0,1,1
NU_L41154,2,1,0,0,0,1,1
NU_L41184,4,1,0,0,0,1,1
NU_L41185,2,1,0,0,0,1,1
NU_L41186,1,1,0,0,0,1,1
NU_L41187,2,1,0,0,0,1,1
NU_L41188,4,1,0,0,0,1,1
NU_L41189,4,1,0,0,0,1,1
NU_L41190,1,1,0,0,0,1,1
NU_L41191,4,1,0,0,0,1,1
NU_L41192,6,1,0,0,0,1,1
NU_L41193,3,1,0,0,0,1,1
NU_L41194,2,1,0,0,0,1,1
NU_L41195,2,1,0,0,0,1,1
NU_L41196_B,0,1,0,0,0,1,1
NU_L41197_B,0,1,0,0,0,1,1
NU_L41198,0,1,0,0,0,1,1
NU_L41199,4,1,0,0,0,1,1
NU_L41200_B,0,1,0,0,0,1,1
NU_L41201_B,0,1,0,0,0,1,1
NU_L41202_B,0,1,0,0,0,1,1
NU_L41203_B,1,1,0,0,0,1,1
NU_L41204_B,5,1,0,0,0,1,1
NU_L41205_B,0,1,0,0,0,1,1
NU_L41206_B,0,1,0,0,0,1,1
NU_L41208_B,0,0,1,0,0,2,2
NU_L41269,1,0,1,0,0,2,2
NU_L41281,2,0,0.999,0.001,0,2,2
NU_L41283,2,0,0.999,0,0.001,2,2
NU_L41308,3,1,0,0,0,1,1
NU_L41356,3,0,1,0,0,2,2
NU_L41358_B,0,0,1,0,0,2,2
NU_L41410,0,1,0,0,0,1,1
NU_L41411,8,0,0.2,0.101,0.699,4,NA
NU_L41416,3,1,0,0,0,1,1
NU_X13485,4,0,0,0,1,4,4
NU_X13489,1,0.987,0.013,0,0,1,1
NU_X13615,2,0,0.98,0,0.02,2,2
NU_X13773,1,0,1,0,0,2,2
NU_X14351,3,0,1,0,0,2,2
NU_X15130,2,0,0,0,1,4,4
NU_X15143,4,0,0.964,0,0.036,2,2
NU_X15562,2,0,1,0,0,2,2
NU_X30006,4,0,1,0,0,2,2
NU_X30007_B,2,0,1,0,0,2,2
NU_X30008,2,0,1,0,0,2,2
NU_X30013,2,0,1,0,0,2,2
NU_X30015,2,0,1,0,0,2,2
NU_X30018,1,0,1,0,0,2,2
NU_X30020,2,0.908,0.092,0,0,1,1
NU_X30033,5,0,1,0,0,2,2
NU_X30189,1,0,0,0,1,4,4
NU_X30190,1,0,0,0,1,4,4
NU_X30191,2,0,0,0,1,4,4
NU_X30192,4,0,0,0,1,4,4
NU_X30194,1,0,0,0,1,4,4
NU_X30197,3,0,0,0,1,4,4
NU_X30204,2,0,1,0,0,2,2
NU_X30205,4,0,1,0,0,2,2
NU_X30206,2,0,1,0,0,2,2
NU_X30207,2,0,1,0,0,2,2
NU_X30234,2,0,0.181,0,0.819,4,4
NU_X30237,4,0,1,0,0,2,2
NU_X30240,1,0,1,0,0,2,2
NU_X30242,2,0,1,0,0,2,2
NU_X30243,2,0,1,0,0,2,2
NU_X30244,3,0,1,0,0,2,2
NU_X30264,2,0,0.39,0,0.61,4,NA
NU_X30273,2,0,0.001,0,0.999,4,4
NU_X30274,5,0,0.185,0.064,0.751,4,NA
NU_X30275,5,0,1,0,0,2,2
NU_X30277,0,0,1,0,0,2,2
NU_X30278,7,0,0.095,0,0.905,4,4
NU_X30287,3,0,1,0,0,2,2
NU_X30292,3,0,1,0,0,2,2
NU_X30293,5,0,1,0,0,2,2
NU_X30294,4,0,1,0,0,2,2
NU_X30296,4,0,0.92,0,0.08,2,2
NU_X30299,2,0,0.999,0.001,0,2,2
NU_X30300,14,0,1,0,0,2,2
NU_X30301,5,0,0.998,0.001,0.002,2,2
NU_X30302,11,0,1,0,0,2,2
NU_X30305,5,0,1,0,0,2,2
NU_X30311,4,0,1,0,0,2,2
NU_X30312,11,0,0.978,0.022,0,2,2
NU_X30313,8,0,1,0,0,2,2
NU_X30316,0,0,1,0,0,2,2
NU_X30317,3,0,1,0,0,2,2
NU_X30320,4,0.002,0.998,0,0,2,2
NU_X30324,3,0,1,0,0,2,2
NU_X30326,2,0.108,0.892,0,0,2,2
NU_X30327,2,0,1,0,0,2,2
NU_X30329,3,0,1,0,0,2,2
NU_X30332,20,0,1,0,0,2,2
NU_X30333,16,0,1,0,0,2,2
NU_X30335,1,0,1,0,0,2,2
NU_X30340,1,0,1,0,0,2,2
NU_X30345,1,0,0,0,1,4,4
NU_X30358,2,0,0.001,0,0.999,4,4
NU_X30367,2,1,0,0,0,1,1
NU_X30368,2,1,0,0,0,1,1
NU_X30369,3,0.028,0.972,0,0,2,2
NU_X30371,1,0,1,0,0,2,2
NU_X30374,2,0,1,0,0,2,2
NU_X30405,4,0,0,0,1,4,4
NU_X30406,6,0,0.006,0,0.994,4,4
NU_X30410,2,0,0,0,1,4,4
NU_X30412,1,0,0.001,0,0.999,4,4
NU_X30417,3,0,0,0,1,4,4
NU_X30426,2,0,0,0,1,4,4
NU_X30428,1,0,0,0,1,4,4
NU_X30430,4,0,0,0,1,4,4
NU_X30431,1,0,0,0,1,4,4
NU_X30433,3,0,0,0,1,4,4
NU_X30434,2,0,0,0,1,4,4
NU_X30436,4,0,0,0,1,4,4
NU_X30437,6,0,0,0,1,4,4
NU_X30439,3,0,0.286,0,0.714,4,NA
NU_X30447,2,0,0,0,1,4,4
NU_X30503,1,0,1,0,0,2,2
NU_X30538,14,1,0,0,0,1,1
NU_X30650,0,0,0.98,0,0.02,2,2
NU_X30661,2,0,1,0,0,2,2
NU_X30699,0,0,1,0,0,2,2
NU_X307602,1,0,0.584,0,0.416,2,NA
NU_X30762,2,0,0.464,0,0.536,4,NA
NU_X30763,2,0,0.999,0,0.001,2,2
NU_X30772,0,0,0.998,0,0.002,2,2
NU_X30799,1,0,0.015,0,0.985,4,4
